{

    "animation": [
        {
            "name": "Root",
            "time": [0.0, 0.2, 0.4, 0.6833],
            "transform": [
                [0.896683, -0.0, -0.442673, -5e-06, -0.442673, 0.0, -0.896683, 0.000946, 0.0, 1.0, -0.0, 0.738314, 0.0, 0.0, 0.0, 1.0],
                [0.931852, -0.0, -0.362838, -5e-06, -0.362838, 0.0, -0.931852, 0.000946, 0.0, 1.0, -0.0, 0.738314, 0.0, 0.0, 0.0, 1.0],
                [0.910841, -0.0, -0.412756, -5e-06, -0.412756, 0.0, -0.910841, 0.000946, 0.0, 1.0, -0.0, 0.738314, 0.0, 0.0, 0.0, 1.0],
                [0.896683, -0.0, -0.442673, -5e-06, -0.442673, 0.0, -0.896683, 0.000946, 0.0, 1.0, -0.0, 0.738314, 0.0, 0.0, 0.0, 1.0]
            ]
        },
        {
            "name": "Thigh_R",
            "time": [0.0, 0.2, 0.4, 0.6833],
            "transform": [
                [0.939273, 0.16149, 0.302798, 0.124994, 0.137417, -0.985517, 0.099338, -0.002831, 0.314455, -0.051695, -0.947864, -1.2e-05, 0.0, 0.0, 0.0, 1.0],
                [0.939217, 0.161499, 0.302966, 0.124994, 0.137409, -0.985515, 0.099362, -0.002831, 0.314626, -0.051692, -0.947807, -1.2e-05, 0.0, 0.0, 0.0, 1.0],
                [0.943711, 0.160742, 0.289086, 0.124994, 0.138067, -0.985627, 0.097332, -0.002831, 0.300577, -0.05194, -0.952342, -1.2e-05, 0.0, 0.0, 0.0, 1.0],
                [0.946384, 0.160273, 0.280482, 0.124994, 0.138458, -0.985695, 0.096073, -0.002831, 0.291868, -0.052087, -0.955039, -1.2e-05, 0.0, 0.0, 0.0, 1.0]
            ]
        },
        {
            "name": "Leg_R",
            "time": [0.0, 0.2, 0.4, 0.6833],
            "transform": [
                [0.999962, -0.008474, -0.002068, -0.0, 0.008723, 0.971379, 0.237376, 0.37472, -3e-06, -0.237386, 0.971415, 0.0, 0.0, 0.0, 0.0, 1.0],
                [0.999962, -0.008474, -0.002068, -0.0, 0.008723, 0.971379, 0.237376, 0.37472, -3e-06, -0.237386, 0.971415, -0.0, 0.0, 0.0, 0.0, 1.0],
                [0.999962, -0.008474, -0.002068, 0.0, 0.008723, 0.971379, 0.237376, 0.37472, -3e-06, -0.237386, 0.971415, 0.0, 0.0, 0.0, 0.0, 1.0],
                [0.999962, -0.008474, -0.002068, 0.0, 0.008723, 0.971379, 0.237376, 0.37472, -3e-06, -0.237386, 0.971415, 0.0, 0.0, 0.0, 0.0, 1.0]
            ]
        },
        {
            "name": "Knee_R",
            "time": [0.0, 0.2, 0.4, 0.6833],
            "transform": [
                [0.999991, -0.004298, -0.000785, -0.0, -0.000266, 0.119552, -0.992828, 0.37472, 0.004361, 0.992819, 0.11955, 0.0, 0.0, 0.0, 0.0, 1.0],
                [0.99999, -0.004298, -0.000785, -0.0, -0.000266, 0.119552, -0.992828, 0.37472, 0.004361, 0.992818, 0.11955, -0.0, 0.0, 0.0, 0.0, 1.0],
                [0.999991, -0.004298, -0.000785, 0.0, -0.000266, 0.119552, -0.992828, 0.37472, 0.004362, 0.992819, 0.11955, 0.0, 0.0, 0.0, 0.0, 1.0],
                [0.999991, -0.004298, -0.000785, 0.0, -0.000266, 0.119552, -0.992828, 0.37472, 0.004361, 0.992819, 0.11955, 0.0, 0.0, 0.0, 0.0, 1.0]
            ]
        },
        {
            "name": "Thigh_L",
            "time": [0.0, 0.2, 0.4, 0.6833],
            "transform": [
                [0.986994, -0.114313, -0.11302, -0.125006, -0.093311, -0.979911, 0.176251, -0.002831, -0.130898, -0.163413, -0.977836, -1.2e-05, 0.0, 0.0, 0.0, 1.0],
                [0.987018, -0.114284, -0.112845, -0.125006, -0.093313, -0.979914, 0.176235, -0.002831, -0.13072, -0.163417, -0.977859, -1.2e-05, 0.0, 0.0, 0.0, 1.0],
                [0.984989, -0.116684, -0.127205, -0.125006, -0.093121, -0.979687, 0.177592, -0.002831, -0.145343, -0.163081, -0.975849, -1.2e-05, 0.0, 0.0, 0.0, 1.0],
                [0.983628, -0.118163, -0.136057, -0.125006, -0.092992, -0.979547, 0.178429, -0.002831, -0.154358, -0.162856, -0.974501, -1.2e-05, 0.0, 0.0, 0.0, 1.0]
            ]
        },
        {
            "name": "Leg_L",
            "time": [0.0, 0.2, 0.4, 0.6833],
            "transform": [
                [1.0, 0.0, 2e-06, 0.0, -1e-06, 0.984581, 0.174931, 0.37472, -2e-06, -0.174931, 0.984581, -0.0, 0.0, 0.0, 0.0, 1.0],
                [1.0, 0.0, 2e-06, 0.0, -1e-06, 0.984581, 0.174931, 0.37472, -2e-06, -0.174931, 0.984581, -0.0, 0.0, 0.0, 0.0, 1.0],
                [1.0, 0.0, 2e-06, -0.0, -1e-06, 0.984581, 0.174931, 0.37472, -2e-06, -0.174931, 0.984581, 0.0, 0.0, 0.0, 0.0, 1.0],
                [1.0, 0.0, 2e-06, 0.0, -1e-06, 0.98458, 0.174931, 0.37472, -2e-06, -0.174931, 0.984581, 0.0, 0.0, 0.0, 0.0, 1.0]
            ]
        },
        {
            "name": "Knee_L",
            "time": [0.0, 0.2, 0.4, 0.6833],
            "transform": [
                [1.0, 0.0, -1e-06, 0.0, -1e-06, 0.087806, -0.996137, 0.37472, -0.0, 0.996138, 0.087806, -0.0, 0.0, 0.0, 0.0, 1.0],
                [1.0, 0.0, -1e-06, 0.0, -1e-06, 0.087806, -0.996137, 0.37472, -0.0, 0.996137, 0.087806, -0.0, 0.0, 0.0, 0.0, 1.0],
                [1.0, 0.0, -1e-06, -0.0, -1e-06, 0.087806, -0.996138, 0.37472, -0.0, 0.996138, 0.087806, 0.0, 0.0, 0.0, 0.0, 1.0],
                [1.0, 0.0, -1e-06, 0.0, -1e-06, 0.087806, -0.996138, 0.37472, -0.0, 0.996137, 0.087806, 0.0, 0.0, 0.0, 0.0, 1.0]
            ]
        },
        {
            "name": "Torso",
            "time": [0.0, 0.2, 0.4, 0.6833],
            "transform": [
                [0.999844, 0.017639, -0.000981, -0.0, -0.017666, 0.99808, -0.059368, 0.05, -6.8e-05, 0.059376, 0.998236, -0.0, 0.0, 0.0, 0.0, 1.0],
                [0.999401, -0.034577, -0.001069, -0.0, 0.034587, 0.999329, 0.0121, 0.05, 0.00065, -0.01213, 0.999926, 0.0, 0.0, 0.0, 0.0, 1.0],
                [0.996811, -0.057439, 0.055394, -0.0, 0.054405, 0.997014, 0.054804, 0.05, -0.058376, -0.051616, 0.996959, 0.0, 0.0, 0.0, 0.0, 1.0],
                [0.993362, -0.072481, 0.089328, -0.0, 0.065248, 0.994544, 0.081391, 0.05, -0.09474, -0.075022, 0.992671, -0.0, 0.0, 0.0, 0.0, 1.0]
            ]
        },
        {
            "name": "Chest",
            "time": [0.0, 0.2, 0.4, 0.6833],
            "transform": [
                [0.94249, -0.322116, -0.089186, -0.0, 0.26628, 0.562369, 0.782838, 0.3, -0.202009, -0.761565, 0.615801, 0.0, 0.0, 0.0, 0.0, 1.0],
                [0.923106, -0.337556, -0.184204, 0.0, 0.277889, 0.254457, 0.926299, 0.3, -0.265805, -0.90626, 0.328694, -0.0, 0.0, 0.0, 0.0, 1.0],
                [0.635209, -0.305449, -0.709373, -0.0, 0.770258, 0.317934, 0.55283, 0.3, 0.056673, -0.897563, 0.437229, 0.0, 0.0, 0.0, 0.0, 1.0],
                [0.317027, -0.306483, -0.897531, 0.0, 0.911749, 0.359084, 0.199432, 0.3, 0.261167, -0.881548, 0.393275, 0.0, 0.0, 0.0, 0.0, 1.0]
            ]
        },
        {
            "name": "Head",
            "time": [0.0, 0.2, 0.4, 0.6833],
            "transform": [
                [0.931668, 0.238101, 0.274414, -0.0, 0.042512, 0.678679, -0.733204, 0.4, -0.360816, 0.694769, 0.62218, 0.0, 0.0, 0.0, 0.0, 1.0],
                [0.948437, 0.306414, 0.081099, 0.0, 0.008341, 0.231645, -0.972765, 0.400001, -0.316855, 0.923283, 0.217145, 0.0, 0.0, 0.0, 0.0, 1.0],
                [0.512057, 0.823258, 0.245038, 0.0, -0.034102, 0.304535, -0.95189, 0.4, -0.858275, 0.479065, 0.184014, -0.0, 0.0, 0.0, 0.0, 1.0],
                [0.108723, 0.934799, 0.338127, 0.0, -0.084939, 0.347636, -0.933774, 0.4, -0.990437, 0.072802, 0.117197, 0.0, 0.0, 0.0, 0.0, 1.0]
            ]
        },
        {
            "name": "Shoulder_R",
            "time": [0.0, 0.2, 0.4, 0.6833],