{

    "animation": [
        {
            "name": "Root",
            "time": [0.0, 0.2, 0.4, 0.6833],
            "transform": [
                [0.896683, -0.0, -0.442673, -5e-06, -0.442673, 0.0, -0.896683, 0.000946, 0.0, 1.0, -0.0, 0.738314, 0.0, 0.0, 0.0, 1.0],
                [0.931852, -0.0, -0.362838, -5e-06, -0.362838, 0.0, -0.931852, 0.000946, 0.0, 1.0, -0.0, 0.738314, 0.0, 0.0, 0.0, 1.0],
                [0.910841, -0.0, -0.412756, -5e-06, -0.412756, 0.0, -0.910841, 0.000946, 0.0, 1.0, -0.0, 0.738314, 0.0, 0.0, 0.0, 1.0],
                [0.896683, -0.0, -0.442673, -5e-06, -0.442673, 0.0, -0.896683, 0.000946, 0.0, 1.0, -0.0, 0.738314, 0.0, 0.0, 0.0, 1.0]
            ]
        },
        {
            "name": "Thigh_R",
            "time": [0.0, 0.2, 0.4, 0.6833],
            "transform": [
                [0.939528, 0.161448, 0.302029, 0.124994, 0.137455, -0.985523, 0.099225, -0.002831, 0.313677, -0.051709, -0.948121, -1.2e-05, 0.0, 0.0, 0.0, 1.0],
                [0.939638, 0.16143, 0.301695, 0.124994, 0.137471, -0.985526, 0.099176, -0.002831, 0.313339, -0.051715, -0.948232, -1.2e-05, 0.0, 0.0, 0.0, 1.0],
                [0.943454, 0.160786, 0.289901, 0.124994, 0.138029, -0.98562, 0.097451, -0.002831, 0.301402, -0.051926, -0.952082, -1.2e-05, 0.0, 0.0, 0.0, 1.0],
                [0.945771, 0.160382, 0.28248, 0.124994, 0.138368, -0.985679, 0.096365, -0.002831, 0.29389, -0.052053, -0.954421, -1.2e-05, 0.0, 0.0, 0.0, 1.0]
            ]
        },
        {
            "name": "Leg_R",
            "time": [0.0, 0.2, 0.4, 0.6833],
            "transform": [
                [0.999962, -0.008474, -0.002068, 0.0, 0.008723, 0.971379, 0.237376, 0.37472, -3e-06, -0.237386, 0.971415, 0.0, 0.0, 0.0, 0.0, 1.0],
                [0.999962, -0.008474, -0.002068, 0.0, 0.008723, 0.971379, 0.237376, 0.37472, -3e-06, -0.237386, 0.971415, 0.0, 0.0, 0.0, 0.0, 1.0],
                [0.999962, -0.008474, -0.002068, 0.0, 0.008723, 0.971379, 0.237376, 0.37472, -3e-06, -0.237386, 0.971415, 0.0, 0.0, 0.0, 0.0, 1.0],
                [0.999962, -0.008474, -0.002068, -0.0, 0.008723, 0.971379, 0.237376, 0.37472, -3e-06, -0.237386, 0.971415, -0.0, 0.0, 0.0, 0.0, 1.0]
            ]
        },
        {
            "name": "Knee_R",
            "time": [0.0, 0.2, 0.4, 0.6833],
            "transform": [
                [0.999991, -0.004298, -0.000785, 0.0, -0.000266, 0.119552, -0.992828, 0.37472, 0.004361, 0.992819, 0.11955, 0.0, 0.0, 0.0, 0.0, 1.0],
                [0.999991, -0.004298, -0.000785, 0.0, -0.000266, 0.119552, -0.992828, 0.37472, 0.004362, 0.992819, 0.11955, 0.0, 0.0, 0.0, 0.0, 1.0],
                [0.999991, -0.004298, -0.000785, 0.0, -0.000266, 0.119552, -0.992828, 0.37472, 0.004361, 0.992819, 0.11955, 0.0, 0.0, 0.0, 0.0, 1.0],
                [0.999991, -0.004298, -0.000785, -0.0, -0.000266, 0.119552, -0.992828, 0.37472, 0.004361, 0.992819, 0.11955, -0.0, 0.0, 0.0, 0.0, 1.0]
            ]
        },
        {
            "name": "Thigh_L",
            "time": [0.0, 0.2, 0.4, 0.6833],
            "transform": [
                [0.986887, -0.114447, -0.113818, -0.125006, -0.093301, -0.979899, 0.176327, -0.002831, -0.13171, -0.163395, -0.977729, -1.2e-05, 0.0, 0.0, 0.0, 1.0],
                [0.98684, -0.114505, -0.114165, -0.125006, -0.093296, -0.979893, 0.176359, -0.002831, -0.132063, -0.163387, -0.977683, -1.2e-05, 0.0, 0.0, 0.0, 1.0],
                [0.985113, -0.116544, -0.126364, -0.125006, -0.093133, -0.979701, 0.177513, -0.002831, -0.144487, -0.163102, -0.975972, -1.2e-05, 0.0, 0.0, 0.0, 1.0],
                [0.983951, -0.11782, -0.134005, -0.125006, -0.093023, -0.97958, 0.178235, -0.002831, -0.152268, -0.162909, -0.974821, -1.2e-05, 0.0, 0.0, 0.0, 1.0]
            ]
        },
        {
            "name": "Leg_L",
            "time": [0.0, 0.2, 0.4, 0.6833],
            "transform": [
                [1.0, 0.0, 2e-06, -0.0, -1e-06, 0.98458, 0.174931, 0.37472, -2e-06, -0.174931, 0.984581, 0.0, 0.0, 0.0, 0.0, 1.0],
                [1.0, 0.0, 2e-06, 0.0, -1e-06, 0.98458, 0.174931, 0.37472, -2e-06, -0.174931, 0.984581, -0.0, 0.0, 0.0, 0.0, 1.0],
                [1.0, 0.0, 2e-06, -0.0, -1e-06, 0.98458, 0.174931, 0.37472, -2e-06, -0.174931, 0.984581, 0.0, 0.0, 0.0, 0.0, 1.0],
                [1.0, 0.0, 2e-06, 0.0, -1e-06, 0.98458, 0.174931, 0.37472, -2e-06, -0.174931, 0.984581, 0.0, 0.0, 0.0, 0.0, 1.0]
            ]
        },
        {
            "name": "Knee_L",
            "time": [0.0, 0.2, 0.4, 0.6833],
            "transform": [
                [1.0, 0.0, -1e-06, -0.0, -1e-06, 0.087806, -0.996138, 0.37472, -0.0, 0.996138, 0.087806, 0.0, 0.0, 0.0, 0.0, 1.0],
                [1.0, 0.0, -1e-06, 0.0, -1e-06, 0.087806, -0.996138, 0.37472, -0.0, 0.996138, 0.087806, -0.0, 0.0, 0.0, 0.0, 1.0],
                [1.0, 0.0, -1e-06, -0.0, -1e-06, 0.087806, -0.996138, 0.37472, -0.0, 0.996138, 0.087806, 0.0, 0.0, 0.0, 0.0, 1.0],
                [1.0, 0.0, -1e-06, 0.0, -1e-06, 0.087806, -0.996138, 0.37472, -0.0, 0.996137, 0.087806, 0.0, 0.0, 0.0, 0.0, 1.0]
            ]
        },
        {
            "name": "Torso",
            "time": [0.0, 0.2, 0.4, 0.6833],
            "transform": [
                [0.998226, -0.059493, -0.002434, -0.0, 0.059449, 0.993518, 0.096891, 0.05, -0.003346, -0.096864, 0.995292, -0.0, 0.0, 0.0, 0.0, 1.0],
                [0.997768, -0.066602, 0.004804, -0.0, 0.066604, 0.99778, -0.000314, 0.05, -0.004772, 0.000633, 0.999988, 0.0, 0.0, 0.0, 0.0, 1.0],
                [0.997841, -0.03295, 0.05682, -0.0, 0.036025, 0.997892, -0.05398, 0.05, -0.054922, 0.05591, 0.996924, 0.0, 0.0, 0.0, 0.0, 1.0],
                [0.996093, -0.010977, 0.087624, -0.0, 0.01867, 0.995993, -0.087466, 0.05, -0.086313, 0.08876, 0.992306, -0.0, 0.0, 0.0, 0.0, 1.0]
            ]
        },
        {
            "name": "Chest",
            "time": [0.0, 0.2, 0.4, 0.6833],
            "transform": [
                [0.977074, -0.212501, 0.013029, -0.0, 0.168851, 0.810739, 0.560528, 0.3, -0.129677, -0.545477, 0.828033, 0.0, 0.0, 0.0, 0.0, 1.0],
                [0.997395, -0.047563, 0.054233, 0.0, 0.018825, 0.897398, 0.44082, 0.3, -0.069635, -0.43865, 0.895956, 0.0, 0.0, 0.0, 0.0, 1.0],
                [0.893524, 0.003107, -0.449005, -0.0, 0.103439, 0.971656, 0.212569, 0.3, 0.436939, -0.23638, 0.867876, 0.0, 0.0, 0.0, 0.0, 1.0],
                [0.710636, -0.025152, -0.70311, 0.0, 0.053798, 0.998377, 0.018659, 0.3, 0.7015, -0.051085, 0.710836, -0.0, 0.0, 0.0, 0.0, 1.0]
            ]
        },
        {
            "name": "Head",
            "time": [0.0, 0.2, 0.4, 0.6833],
            "transform": [
                [0.931668, 0.186832, 0.311591, 0.0, 0.042512, 0.795687, -0.604214, 0.4, -0.360816, 0.576173, 0.733374, 0.0, 0.0, 0.0, 0.0, 1.0],
                [0.952859, 0.085236, 0.291195, 0.0, 0.056987, 0.892375, -0.447681, 0.4, -0.298014, 0.443171, 0.845451, -0.0, 0.0, 0.0, 0.0, 1.0],
                [0.698849, 0.111395, 0.706542, -0.0, -0.028637, 0.991364, -0.127975, 0.400001, -0.714696, 0.069202, 0.696004, 0.0, 0.0, 0.0, 0.0, 1.0],
                [0.479002, -0.033579, 0.877171, -0.0, -0.141537, 0.983239, 0.11493, 0.400001, -0.866328, -0.179204, 0.466221, 0.0, 0.0, 0.0, 0.0, 1.0]
            ]
        },
        {
            "name": "Shoulder_R",
            "time": [0.0, 0.2, 0.4, 0.6833],