{

    "animation": [
        {
            "name": "Root",
            "time": [0.0, 0.05, 0.1333, 0.2, 0.5667],
            "transform": [
                [0.723046, -0.042013, -0.689521, -5e-06, -0.689808, 0.009556, -0.72393, 0.000946, 0.037003, 0.999071, -0.022071, 0.773972, 0.0, 0.0, 0.0, 1.0],
                [0.560025, -0.042013, -0.82741, -5e-06, -0.827878, 0.009556, -0.560827, 0.000946, 0.031469, 0.999071, -0.02943, 0.633934, 0.0, 0.0, 0.0, 1.0],
                [0.999561, -0.028994, 0.00603, -5e-06, 0.014482, 0.300945, -0.953531, 0.200946, 0.025832, 0.953201, 0.301233, 0.722373, 0.0, 0.0, 0.0, 1.0],
                [0.70049, -0.022483, 0.713308, -5e-06, 0.676861, 0.337749, -0.654052, 0.400946, -0.226215, 0.940968, 0.251808, 0.433125, 0.0, 0.0, 0.0, 1.0],
                [0.821573, -0.022483, 0.56966, -5e-06, 0.542545, 0.337749, -0.769136, 0.400946, -0.17511, 0.940968, 0.289684, 0.553125, 0.0, 0.0, 0.0, 1.0]
            ]
        },
        {
            "name": "Thigh_R",
            "time": [0.0, 0.05, 0.1333, 0.2, 0.5667],
            "transform": [
                [0.998006, 0.032318, -0.054221, 0.124994, 0.062904, -0.580545, 0.811794, -0.002831, -0.005242, -0.813584, -0.581421, -1.2e-05, 0.0, 0.0, 0.0, 1.0],
                [0.996455, 0.073466, -0.040994, 0.124994, 0.08352, -0.922382, 0.377138, -0.00283, -0.010106, -0.379224, -0.925249, -1.2e-05, 0.0, 0.0, 0.0, 1.0],
                [0.949768, 0.177716, 0.257599, 0.124994, 0.1726, -0.984072, 0.04253, -0.002831, 0.261055, 0.004068, -0.965315, -1.2e-05, 0.0, 0.0, 0.0, 1.0],
                [0.850427, 0.325141, 0.41359, 0.124994, 0.257976, -0.942877, 0.210785, -0.002831, 0.4585, -0.072561, -0.885727, -1.2e-05, 0.0, 0.0, 0.0, 1.0],
                [0.839636, 0.27996, 0.465439, 0.124994, 0.174072, -0.950427, 0.257658, -0.002831, 0.514499, -0.13532, -0.846746, -1.2e-05, 0.0, 0.0, 0.0, 1.0]
            ]
        },
        {
            "name": "Leg_R",
            "time": [0.0, 0.05, 0.1333, 0.2, 0.5667],
            "transform": [
                [0.999606, 0.022715, -0.016505, -0.0, 0.017447, -0.04191, 0.998968, 0.37472, 0.022, -0.998864, -0.04229, -0.0, 0.0, 0.0, 0.0, 1.0],
                [0.999061, 0.035282, -0.025164, 0.0, 0.017438, 0.204303, 0.978753, 0.37472, 0.039674, -0.978271, 0.203496, 0.0, 0.0, 0.0, 0.0, 1.0],
                [0.999436, -0.020797, -0.026341, -0.0, 0.033537, 0.589383, 0.807157, 0.37472, -0.001261, -0.807586, 0.589748, -0.0, 0.0, 0.0, 0.0, 1.0],
                [0.995166, -0.081083, -0.055402, 0.0, 0.063742, 0.104177, 0.992513, 0.37472, -0.074704, -0.991247, 0.108842, -0.0, 0.0, 0.0, 0.0, 1.0],
                [0.996931, -0.074108, -0.025211, 0.0, 0.061455, 0.541473, 0.838469, 0.37472, -0.048486, -0.837446, 0.544365, 0.0, 0.0, 0.0, 0.0, 1.0]
            ]
        },
        {
            "name": "Knee_R",
            "time": [0.0, 0.05, 0.2, 0.5667],
            "transform": [
                [0.999884, 0.007839, -0.0131, -0.0, -0.014725, 0.721755, -0.691994, 0.37472, 0.004031, 0.692104, 0.721785, -0.0, 0.0, 0.0, 0.0, 1.0],
                [0.999735, 0.013175, -0.018855, 0.0, -0.022941, 0.630659, -0.775722, 0.37472, 0.001671, 0.775948, 0.630794, 0.0, 0.0, 0.0, 0.0, 1.0],
                [0.998613, -0.051216, -0.012168, 0.0, 0.025154, 0.667304, -0.744361, 0.37472, 0.046243, 0.743022, 0.667667, 0.0, 0.0, 0.0, 0.0, 1.0],
                [0.999183, -0.040288, -0.003185, 0.0, 0.016437, 0.47712, -0.878685, 0.37472, 0.03692, 0.877914, 0.477393, 0.0, 0.0, 0.0, 0.0, 1.0]
            ]
        },
        {
            "name": "Thigh_L",
            "time": [0.0, 0.05, 0.1333, 0.2, 0.5667],
            "transform": [
                [0.866621, -0.01663, -0.498688, -0.125006, -0.045823, -0.997872, -0.046354, -0.002831, -0.496857, 0.063023, -0.865541, -1.2e-05, 0.0, 0.0, 0.0, 1.0],
                [0.988747, -0.123614, -0.08425, -0.125006, -0.085056, -0.927839, 0.36315, -0.002831, -0.123061, -0.351897, -0.927913, -1.2e-05, 0.0, 0.0, 0.0, 1.0],
                [0.992504, 0.078864, 0.093353, -0.125006, -0.066177, -0.295358, 0.95309, -0.002831, 0.102737, -0.952125, -0.287925, -1.2e-05, 0.0, 0.0, 0.0, 1.0],
                [0.939653, 0.306014, 0.152995, -0.125006, -0.148459, -0.038191, 0.98818, -0.002831, 0.308241, -0.95126, 0.009545, -1.2e-05, 0.0, 0.0, 0.0, 1.0],
                [0.930691, 0.283463, 0.231221, -0.125006, -0.140827, -0.305725, 0.941647, -0.002831, 0.337613, -0.908944, -0.244616, -1.2e-05, 0.0, 0.0, 0.0, 1.0]
            ]
        },
        {
            "name": "Leg_L",
            "time": [0.0, 0.05, 0.1333, 0.2, 0.5667],
            "transform": [
                [0.997324, 0.070697, -0.018625, 0.0, -0.024407, 0.562104, 0.826708, 0.37472, 0.068915, -0.824041, 0.562325, 0.0, 0.0, 0.0, 0.0, 1.0],
                [0.998768, 0.043271, 0.024303, -0.0, -0.017433, -0.152584, 0.988139, 0.37472, 0.046466, -0.987343, -0.151642, -0.0, 0.0, 0.0, 0.0, 1.0],
                [0.989995, 0.140886, 0.00777, 0.0, -0.024005, 0.113909, 0.993201, 0.37472, 0.139043, -0.983452, 0.116151, 0.0, 0.0, 0.0, 0.0, 1.0],
                [0.983198, 0.172697, -0.059133, -0.0, -0.056281, 0.594956, 0.801785, 0.37472, 0.173648, -0.784985, 0.59468, 0.0, 0.0, 0.0, 0.0, 1.0],
                [0.984527, 0.149616, 0.09123, -0.0, -0.174444, 0.787321, 0.591349, 0.37472, 0.016648, -0.598113, 0.801238, 0.0, 0.0, 0.0, 0.0, 1.0]
            ]
        },
        {
            "name": "Knee_L",
            "time": [0.0, 0.05, 0.2, 0.5667],
            "transform": [
                [0.99929, 0.033058, -0.018098, 0.0, -0.031448, 0.466791, -0.883809, 0.37472, -0.020769, 0.88375, 0.467499, 0.0, 0.0, 0.0, 0.0, 1.0],
                [0.999627, 0.02723, 0.002204, -0.0, -0.01923, 0.758661, -0.651202, 0.37472, -0.019404, 0.650916, 0.7589, -0.0, 0.0, 0.0, 0.0, 1.0],
                [0.995557, 0.079669, -0.0502, -0.0, -0.080485, 0.443189, -0.892808, 0.37472, -0.048881, 0.892881, 0.447632, 0.0, 0.0, 0.0, 0.0, 1.0],
                [0.996022, 0.082528, 0.033593, -0.0, 0.005863, 0.315499, -0.948908, 0.37472, -0.08891, 0.945331, 0.31376, 0.0, 0.0, 0.0, 0.0, 1.0]
            ]
        },
        {
            "name": "Torso",
            "time": [0.0, 0.05, 0.1333, 0.1667, 0.2, 0.3167, 0.5667],
            "transform": [
                [0.999997, -0.002633, -1.1e-05, -0.0, 0.002633, 0.999988, 0.00424, 0.05, -0.0, -0.00424, 0.999991, -0.0, 0.0, 0.0, 0.0, 1.0],
                [0.99913, -0.041632, 0.002228, 0.0, 0.041692, 0.997703, -0.053397, 0.05, 0.0, 0.053443, 0.998571, -0.0, 0.0, 0.0, 0.0, 1.0],
                [0.995073, -0.098758, 0.008767, 0.0, 0.099147, 0.991175, -0.087989, 0.05, 0.0, 0.088424, 0.996083, 0.0, 0.0, 0.0, 0.0, 1.0],
                [0.992313, -0.123678, 0.00441, -0.0, 0.123756, 0.991682, -0.035361, 0.05, -0.0, 0.035635, 0.999365, -0.0, 0.0, 0.0, 0.0, 1.0],
                [0.987393, 0.157099, -0.019368, 0.0, -0.158289, 0.979974, -0.120815, 0.05, -0.0, 0.122358, 0.992486, 0.0, 0.0, 0.0, 0.0, 1.0],
                [0.980329, 0.197296, -0.005379, -0.0, -0.19737, 0.979965, -0.026716, 0.05, 0.0, 0.027252, 0.999629, -0.0, 0.0, 0.0, 0.0, 1.0],
                [0.996633, 0.080844, -0.013648, -0.0, -0.081988, 0.982728, -0.1659, 0.05, -0.0, 0.166461, 0.986048, -0.0, 0.0, 0.0, 0.0, 1.0]
            ]
        },
        {
            "name": "Chest",
            "time": [0.0, 0.05, 0.1333, 0.1667, 0.2, 0.3167, 0.5667],