{

    "animation": [
        {
            "name": "Root",
            "time": [0.0, 0.0333, 0.0667, 0.1, 0.2, 0.4],
            "transform": [
                [0.473584, -0.239236, -0.847634, -5e-06, -0.855205, 0.105191, -0.507503, 0.000946, 0.210577, 0.965247, -0.154779, 0.40675, 0.0, 0.0, 0.0, 1.0],
                [0.859131, -0.084012, -0.504813, -5e-06, -0.42681, 0.426634, -0.797381, 0.275946, 0.28236, 0.900514, 0.330677, 0.371481, 0.0, 0.0, 0.0, 1.0],
                [0.925461, -0.085181, -0.369143, -5e-06, -0.296874, 0.442255, -0.846331, 0.538446, 0.235346, 0.892835, 0.384002, 0.38118, 0.0, 0.0, 0.0, 1.0],
                [0.994974, -0.089214, -0.045466, -5e-06, 0.000449, 0.458036, -0.888934, 0.700946, 0.100131, 0.884446, 0.455774, 0.390879, 0.0, 0.0, 0.0, 1.0],
                [0.744713, 0.064104, 0.664299, -5e-06, 0.594232, 0.389405, -0.703742, 0.700946, -0.303794, 0.918833, 0.251902, 0.42321, 0.0, 0.0, 0.0, 1.0],
                [0.5781, -0.010822, 0.815894, -5e-06, 0.742162, 0.422533, -0.520252, 0.700946, -0.339112, 0.906283, 0.252297, 0.42321, 0.0, 0.0, 0.0, 1.0]
            ]
        },
        {
            "name": "Thigh_R",
            "time": [0.0, 0.0333, 0.1, 0.2, 0.4],
            "transform": [
                [0.752965, 0.569135, -0.330352, 0.124994, 0.650542, -0.719451, 0.243285, -0.002831, -0.09921, -0.398092, -0.911967, -1.2e-05, 0.0, 0.0, 0.0, 1.0],
                [0.898265, 0.429986, 0.090664, 0.124994, 0.430986, -0.902285, 0.009367, -0.00283, 0.085838, 0.030661, -0.995807, -1.2e-05, 0.0, 0.0, 0.0, 1.0],
                [0.966883, 0.240762, -0.084608, 0.124994, 0.235826, -0.969611, -0.064414, -0.00283, -0.097555, 0.042328, -0.994276, -1.2e-05, 0.0, 0.0, 0.0, 1.0],
                [0.968254, 0.249903, -0.002922, 0.124994, 0.249895, -0.967645, 0.031678, -0.00283, 0.00509, -0.031403, -0.999371, -1.2e-05, 0.0, 0.0, 0.0, 1.0],
                [0.989496, 0.140921, -0.031997, 0.124994, 0.142693, -0.987738, 0.061578, -0.00283, -0.022933, -0.065498, -0.997466, -1.2e-05, 0.0, 0.0, 0.0, 1.0]
            ]
        },
        {
            "name": "Leg_R",
            "time": [0.0, 0.0333, 0.1, 0.2, 0.4],
            "transform": [
                [0.995385, -0.093678, 0.020761, 0.0, 0.041683, 0.61706, 0.785812, 0.37472, -0.086424, -0.78132, 0.618118, 0.0, 0.0, 0.0, 0.0, 1.0],
                [0.998919, -0.041839, 0.020377, -0.0, 0.023286, 0.828474, 0.559544, 0.37472, -0.040293, -0.558466, 0.828547, 0.0, 0.0, 0.0, 0.0, 1.0],
                [0.999863, -0.015712, -0.006196, 0.0, 0.015855, 0.746719, 0.664951, 0.37472, -0.005821, -0.664959, 0.746856, -0.0, 0.0, 0.0, 0.0, 1.0],
                [0.998936, -0.022284, -0.04066, 0.0, 0.045925, 0.354687, 0.933849, 0.37472, -0.006389, -0.934719, 0.355326, -0.0, 0.0, 0.0, 0.0, 1.0],
                [0.998936, -0.022284, -0.04066, -0.0, 0.045925, 0.354687, 0.933849, 0.37472, -0.006389, -0.934719, 0.355326, -0.0, 0.0, 0.0, 0.0, 1.0]
            ]
        },
        {
            "name": "Knee_R",
            "time": [0.0, 0.0333, 0.1, 0.2, 0.4],
            "transform": [
                [0.998785, -0.044499, 0.021166, 0.0, 0.038457, 0.43536, -0.899435, 0.37472, 0.030809, 0.899156, 0.436542, 0.0, 0.0, 0.0, 0.0, 1.0],
                [0.999723, -0.0194, 0.013314, -0.0, 0.018405, 0.292223, -0.956173, 0.37472, 0.014659, 0.956154, 0.292499, 0.0, 0.0, 0.0, 0.0, 1.0],
                [0.999963, -0.008424, -0.001659, 0.0, 0.001447, 0.355769, -0.934572, 0.37472, 0.008463, 0.934537, 0.355769, -0.0, 0.0, 0.0, 0.0, 1.0],
                [0.999705, -0.017475, -0.016869, 0.0, -0.003964, 0.567769, -0.823175, 0.37472, 0.023963, 0.823005, 0.567536, -0.0, 0.0, 0.0, 0.0, 1.0],
                [0.999705, -0.017475, -0.016869, -0.0, -0.003964, 0.567769, -0.823175, 0.37472, 0.023963, 0.823005, 0.567536, -0.0, 0.0, 0.0, 0.0, 1.0]
            ]
        },
        {
            "name": "Thigh_L",
            "time": [0.0, 0.0333, 0.1, 0.2, 0.4],
            "transform": [
                [0.611578, -0.699136, 0.370378, -0.125006, -0.784292, -0.474069, 0.400178, -0.00283, -0.104195, -0.535225, -0.838258, -1.2e-05, 0.0, 0.0, 0.0, 1.0],
                [0.73431, -0.6278, 0.258148, -0.125006, -0.274428, 0.073269, 0.958805, -0.00283, -0.620857, -0.774907, -0.118485, -1.2e-05, 0.0, 0.0, 0.0, 1.0],
                [0.953923, -0.280838, 0.105511, -0.125006, -0.063036, 0.156209, 0.985699, -0.002831, -0.293306, -0.946946, 0.13131, -1.2e-05, 0.0, 0.0, 0.0, 1.0],
                [0.998899, -0.043734, 0.015225, -0.125006, -0.014148, 0.024828, 0.999573, -0.00283, -0.044094, -0.998716, 0.024182, -1.2e-05, 0.0, 0.0, 0.0, 1.0],
                [0.994929, 0.0376, -0.092982, -0.125006, 0.094955, -0.054655, 0.993962, -0.00283, 0.032291, -0.997778, -0.05795, -1.2e-05, 0.0, 0.0, 0.0, 1.0]
            ]
        },
        {
            "name": "Leg_L",
            "time": [0.0, 0.0333, 0.1, 0.2, 0.4],
            "transform": [
                [0.981316, -0.103688, 0.162071, 0.0, -0.151589, 0.102082, 0.983156, 0.37472, -0.118486, -0.989357, 0.084457, 0.0, 0.0, 0.0, 0.0, 1.0],
                [0.999613, -0.027815, -0.000379, 0.0, -0.013321, -0.490599, 0.871283, 0.37472, -0.024421, -0.870943, -0.490779, 0.0, 0.0, 0.0, 0.0, 1.0],
                [0.999845, 0.0124, 0.01244, -0.0, -0.005613, -0.445547, 0.895243, 0.37472, 0.016644, -0.895174, -0.445409, 0.0, 0.0, 0.0, 0.0, 1.0],
                [0.989368, 0.145396, -0.002374, -0.0, -0.0209, 0.158334, 0.987171, 0.37472, 0.143904, -0.976627, 0.15969, 0.0, 0.0, 0.0, 0.0, 1.0],
                [0.984451, 0.175211, -0.012411, -0.0, -0.026444, 0.217691, 0.975664, 0.37472, 0.173647, -0.960168, 0.21894, -0.0, 0.0, 0.0, 0.0, 1.0]
            ]
        },
        {
            "name": "Knee_L",
            "time": [0.0, 0.0333, 0.1, 0.2, 0.4],
            "transform": [
                [0.99462, -0.02049, 0.101549, 0.0, 0.088996, 0.67074, -0.736334, 0.37472, -0.053025, 0.741409, 0.668954, 0.0, 0.0, 0.0, 0.0, 1.0],
                [0.999871, -0.014015, 0.007791, 0.0, 0.016032, 0.863222, -0.504572, 0.37472, 0.000346, 0.504631, 0.863334, 0.0, 0.0, 0.0, 0.0, 1.0],
                [0.999949, 0.009666, 0.002766, -0.0, -0.006761, 0.850107, -0.526566, 0.37472, -0.007441, 0.526521, 0.850129, 0.0, 0.0, 0.0, 0.0, 1.0],
                [0.996979, 0.072428, -0.028041, -0.0, -0.06826, 0.644906, -0.761207, 0.37472, -0.037049, 0.760822, 0.647902, 0.0, 0.0, 0.0, 0.0, 1.0],
                [0.995628, 0.085719, -0.037119, -0.0, -0.082461, 0.61988, -0.780352, 0.37472, -0.043882, 0.78, 0.624237, -0.0, 0.0, 0.0, 0.0, 1.0]
            ]
        },
        {
            "name": "Torso",
            "time": [0.0, 0.0333, 0.0667, 0.1, 0.2, 0.4],
            "transform": [
                [0.990381, 0.124815, 0.059727, 0.0, -0.127807, 0.990578, 0.049205, 0.05, -0.053023, -0.056365, 0.997001, -0.0, 0.0, 0.0, 0.0, 1.0],
                [0.99382, -0.088537, 0.066959, 0.0, 0.087857, 0.996048, 0.01304, 0.05, -0.067849, -0.007077, 0.997671, 0.0, 0.0, 0.0, 0.0, 1.0],
                [0.993709, -0.096278, 0.057216, 0.0, 0.052753, 0.853024, 0.519198, 0.05, -0.098794, -0.512914, 0.852736, -0.0, 0.0, 0.0, 0.0, 1.0],
                [0.991463, -0.082764, 0.100758, -0.0, 0.017299, 0.849393, 0.527478, 0.05, -0.129239, -0.521232, 0.843573, 0.0, 0.0, 0.0, 0.0, 1.0],
                [0.98835, 0.089493, 0.123108, -0.0, -0.14457, 0.804893, 0.57554, 0.05, -0.047582, -0.586633, 0.808454, 0.0, 0.0, 0.0, 0.0, 1.0],
                [0.997347, 0.02329, 0.068972, -0.0, -0.021533, 0.999427, -0.026114, 0.05, -0.069541, 0.02456, 0.997277, -0.0, 0.0, 0.0, 0.0, 1.0]
            ]
        },
        {
            "name": "Chest",
            "time": [0.0, 0.0333, 0.0667, 0.1, 0.2, 0.4],