{

    "animation": [
        {
            "name": "Root",
            "time": [0.0, 0.05, 0.1, 0.4, 0.5833],
            "transform": [
                [0.793961, -0.0, -0.607969, -5e-06, -0.606524, -0.068896, -0.792074, 0.000946, -0.041887, 0.997624, -0.054701, 0.5342, 0.0, 0.0, 0.0, 1.0],
                [0.975536, -0.09298, -0.199209, -5e-06, -0.190497, 0.094766, -0.977103, 0.000946, 0.10973, 0.991148, 0.074735, 0.704086, 0.0, 0.0, 0.0, 1.0],
                [0.962653, -0.084221, 0.257304, -5e-06, 0.270149, 0.236173, -0.933403, 0.000946, 0.017844, 0.968054, 0.250105, 0.873972, 0.0, 0.0, 0.0, 1.0],
                [0.964227, 0.044219, 0.261362, -5e-06, 0.25372, 0.131546, -0.958291, 0.000946, -0.076756, 0.990323, 0.115621, 0.893972, 0.0, 0.0, 0.0, 1.0],
                [0.924261, -0.0, -0.381761, -5e-06, -0.380853, -0.068896, -0.922065, 0.000946, -0.026302, 0.997624, -0.063678, 0.7342, 0.0, 0.0, 0.0, 1.0]
            ]
        },
        {
            "name": "Thigh_R",
            "time": [0.0, 0.05, 0.1, 0.4, 0.5833],
            "transform": [
                [0.89317, 0.443732, -0.072936, 0.124994, 0.44578, -0.895011, 0.013699, -0.00283, -0.059204, -0.044749, -0.997218, -1.2e-05, 0.0, 0.0, 0.0, 1.0],
                [0.953644, 0.300124, -0.021857, 0.124994, 0.272455, -0.830306, 0.486143, -0.002831, 0.127758, -0.469564, -0.873593, -1.2e-05, 0.0, 0.0, 0.0, 1.0],
                [0.963163, 0.227568, 0.14328, 0.124994, 0.004087, -0.54513, 0.838341, -0.00283, 0.268886, -0.806872, -0.52598, -1.2e-05, 0.0, 0.0, 0.0, 1.0],
                [0.96119, 0.181284, 0.207962, 0.124994, 0.010566, -0.777438, 0.62887, -0.00283, 0.275681, -0.602266, -0.749182, -1.2e-05, 0.0, 0.0, 0.0, 1.0],
                [0.997053, 0.069146, -0.033229, 0.124994, 0.076557, -0.924675, 0.372976, -0.00283, -0.004937, -0.374421, -0.927245, -1.2e-05, 0.0, 0.0, 0.0, 1.0]
            ]
        },
        {
            "name": "Leg_R",
            "time": [0.0, 0.05, 0.1, 0.4, 0.5833],
            "transform": [
                [0.993328, 0.092983, -0.068125, -0.0, 0.008665, 0.529108, 0.848508, 0.37472, 0.114942, -0.843445, 0.524774, -0.0, 0.0, 0.0, 0.0, 1.0],
                [0.998011, 0.060377, -0.017948, -0.0, 0.008706, 0.149993, 0.988647, 0.37472, 0.062383, -0.986841, 0.14917, -0.0, 0.0, 0.0, 0.0, 1.0],
                [0.999567, -0.025085, -0.015359, -0.0, 0.008719, -0.245995, 0.969233, 0.37472, -0.028091, -0.968946, -0.24567, 0.0, 0.0, 0.0, 0.0, 1.0],
                [0.998971, 0.044461, -0.00888, 0.0, 0.008714, 0.00393, 0.999956, 0.37472, 0.044494, -0.999003, 0.003539, 0.0, 0.0, 0.0, 0.0, 1.0],
                [0.998596, 0.032683, -0.041692, -0.0, 0.008711, 0.674996, 0.73777, 0.37472, 0.052254, -0.737099, 0.673763, 0.0, 0.0, 0.0, 0.0, 1.0]
            ]
        },
        {
            "name": "Knee_R",
            "time": [0.0, 0.05, 0.1, 0.4, 0.5833],
            "transform": [
                [0.99822, 0.037723, -0.046192, -0.0, -0.058692, 0.483952, -0.873125, 0.37472, -0.010582, 0.874281, 0.485304, -0.0, 0.0, 0.0, 0.0, 1.0],
                [0.999435, 0.026875, -0.020186, -0.0, -0.032827, 0.651444, -0.757987, 0.37472, -0.007221, 0.75822, 0.651957, -0.0, 0.0, 0.0, 0.0, 1.0],
                [0.999866, -0.016294, -0.001549, -0.0, 0.011908, 0.78914, -0.6141, 0.37472, 0.011229, 0.613998, 0.789226, 0.0, 0.0, 0.0, 0.0, 1.0],
                [0.999699, 0.020405, -0.013632, 0.0, -0.024059, 0.705465, -0.708337, 0.37472, -0.004836, 0.708451, 0.705743, 0.0, 0.0, 0.0, 0.0, 1.0],
                [0.999633, 0.011958, -0.024301, -0.0, -0.027059, 0.402976, -0.914811, 0.37472, -0.001147, 0.915132, 0.403152, 0.0, 0.0, 0.0, 0.0, 1.0]
            ]
        },
        {
            "name": "Thigh_L",
            "time": [0.0, 0.05, 0.1, 0.4, 0.5833],
            "transform": [
                [0.879982, -0.404292, 0.249353, -0.125006, -0.467513, -0.644308, 0.605224, -0.00283, -0.084027, -0.649163, -0.755993, -1.2e-05, 0.0, 0.0, 0.0, 1.0],
                [0.952682, -0.203289, 0.225985, -0.125006, -0.300968, -0.735024, 0.607583, -0.002831, 0.042589, -0.646847, -0.761429, -1.2e-05, 0.0, 0.0, 0.0, 1.0],
                [0.971987, 0.03272, 0.232744, -0.125006, -0.116813, -0.792042, 0.599185, -0.00283, 0.203948, -0.609587, -0.766034, -1.2e-05, 0.0, 0.0, 0.0, 1.0],
                [0.984337, 0.145292, 0.099838, -0.125006, -0.050176, -0.312004, 0.948752, -0.002831, 0.168997, -0.938903, -0.299827, -1.2e-05, 0.0, 0.0, 0.0, 1.0],
                [0.954206, -0.285783, -0.088413, -0.125006, -0.137123, -0.680522, 0.719782, -0.002831, -0.265869, -0.674696, -0.688547, -1.2e-05, 0.0, 0.0, 0.0, 1.0]
            ]
        },
        {
            "name": "Leg_L",
            "time": [0.0, 0.05, 0.1, 0.4, 0.5833],
            "transform": [
                [0.999819, 0.01803, 0.006191, -0.0, -0.016353, 0.644337, 0.764567, 0.37472, 0.009796, -0.76453, 0.644515, -0.0, 0.0, 0.0, 0.0, 1.0],
                [0.999952, 0.009738, 0.000993, 0.0, -0.00932, 0.916216, 0.400578, 0.37472, 0.002991, -0.400568, 0.916263, -0.0, 0.0, 0.0, 0.0, 1.0],
                [1.0, 2e-06, 1e-06, -0.0, -2e-06, 0.999847, 0.017455, 0.37472, -1e-06, -0.017455, 0.999848, -0.0, 0.0, 0.0, 0.0, 1.0],
                [0.999558, 0.029043, -0.006431, -0.0, -0.002092, 0.284305, 0.958732, 0.37472, 0.029673, -0.958294, 0.284239, -0.0, 0.0, 0.0, 0.0, 1.0],
                [1.0, -2e-06, 1e-06, -0.0, -1e-06, -0.124505, 0.992219, 0.37472, -2e-06, -0.992218, -0.124505, -0.0, 0.0, 0.0, 0.0, 1.0]
            ]
        },
        {
            "name": "Knee_L",
            "time": [0.0, 0.05, 0.1, 0.4, 0.5833],
            "transform": [
                [0.999952, 0.009701, 0.0011, -0.0, -0.003092, 0.42159, -0.906781, 0.37472, -0.00926, 0.906734, 0.4216, -0.0, 0.0, 0.0, 0.0, 1.0],
                [0.999988, 0.004921, -9e-06, 0.0, -0.001015, 0.204618, -0.978842, 0.37472, -0.004815, 0.978829, 0.204621, -0.0, 0.0, 0.0, 0.0, 1.0],
                [1.0, 1e-06, -2e-06, -0.0, -2e-06, 0.008737, -0.99996, 0.37472, -1e-06, 0.99996, 0.008737, -0.0, 0.0, 0.0, 0.0, 1.0],
                [0.999877, 0.013456, -0.008041, -0.0, -0.014492, 0.598065, -0.801316, 0.37472, -0.005974, 0.801334, 0.598187, -0.0, 0.0, 0.0, 0.0, 1.0],
                [1.0, 1e-06, -1e-06, -0.0, -1e-06, 0.749837, -0.661624, 0.37472, -0.0, 0.661623, 0.749835, -0.0, 0.0, 0.0, 0.0, 1.0]
            ]
        },
        {
            "name": "Torso",
            "time": [0.0, 0.05, 0.1, 0.4, 0.5833],
            "transform": [
                [0.976863, -0.202285, 0.069428, -0.0, 0.206863, 0.976097, -0.066647, 0.05, -0.054287, 0.079467, 0.995358, -0.0, 0.0, 0.0, 0.0, 1.0],
                [0.999654, -0.021506, -0.015143, -0.0, 0.02021, 0.996504, -0.08106, 0.05, 0.016834, 0.080726, 0.996594, 0.0, 0.0, 0.0, 0.0, 1.0],
                [0.970564, 0.09378, -0.221836, -0.0, 0.018688, 0.888976, 0.457573, 0.05, 0.240118, -0.44825, 0.861055, -0.0, 0.0, 0.0, 0.0, 1.0],
                [0.98529, 0.134346, -0.105617, -0.0, -0.068528, 0.87678, 0.475983, 0.05, 0.156549, -0.461744, 0.873089, 0.0, 0.0, 0.0, 0.0, 1.0],
                [0.997222, -0.073287, 0.013331, 0.0, 0.067624, 0.965744, 0.250531, 0.05, -0.031235, -0.248934, 0.968017, 0.0, 0.0, 0.0, 0.0, 1.0]
            ]
        },
        {
            "name": "Chest",
            "time": [0.0, 0.05, 0.1, 0.4, 0.5833],