{

    "animation": [
        {
            "name": "Root",
            "time": [0.0, 0.0833, 0.1667, 0.2833],
            "transform": [
                [0.995984, -0.0003, -0.089526, -5e-06, -0.08947, 0.032287, -0.995466, 0.000946, 0.00319, 0.999479, 0.03213, 0.759959, 0.0, 0.0, 0.0, 1.0],
                [0.995984, -0.0003, -0.089526, -5e-06, -0.08947, 0.032287, -0.995466, 0.000946, 0.00319, 0.999479, 0.03213, 0.759959, 0.0, 0.0, 0.0, 1.0],
                [0.995984, -0.0003, -0.089526, -5e-06, -0.08947, 0.032287, -0.995466, 0.000946, 0.00319, 0.999479, 0.03213, 0.759959, 0.0, 0.0, 0.0, 1.0],
                [0.995984, -0.0003, -0.089526, -5e-06, -0.08947, 0.032287, -0.995466, 0.000946, 0.00319, 0.999479, 0.03213, 0.759959, 0.0, 0.0, 0.0, 1.0]
            ]
        },
        {
            "name": "Thigh_R",
            "time": [0.0, 0.0833, 0.1667, 0.2833],
            "transform": [
                [0.994533, 0.070982, 0.076579, 0.124994, 0.065164, -0.994976, 0.07597, -0.002831, 0.081587, -0.070564, -0.994165, -1.2e-05, 0.0, 0.0, 0.0, 1.0],
                [0.994599, 0.070925, 0.075769, 0.124994, 0.065169, -0.99498, 0.075916, -0.002831, 0.080773, -0.070568, -0.994231, -1.2e-05, 0.0, 0.0, 0.0, 1.0],
                [0.994649, 0.070881, 0.075152, 0.124994, 0.065172, -0.994982, 0.075876, -0.002831, 0.080153, -0.070572, -0.994281, -1.2e-05, 0.0, 0.0, 0.0, 1.0],
                [0.994548, 0.07097, 0.076402, 0.124994, 0.065165, -0.994977, 0.075958, -0.002831, 0.081409, -0.070565, -0.994179, -1.2e-05, 0.0, 0.0, 0.0, 1.0]
            ]
        },
        {
            "name": "Leg_R",
            "time": [0.0, 0.0833, 0.1667, 0.2833],
            "transform": [
                [0.999962, -0.008679, -0.001157, 0.0, 0.008723, 0.97589, 0.218092, 0.37472, -0.000763, -0.218094, 0.975927, -0.0, 0.0, 0.0, 0.0, 1.0],
                [0.999962, -0.008679, -0.001158, -0.0, 0.008723, 0.97589, 0.218092, 0.37472, -0.000763, -0.218094, 0.975927, -0.0, 0.0, 0.0, 0.0, 1.0],
                [0.999962, -0.008679, -0.001157, 0.0, 0.008723, 0.97589, 0.218091, 0.37472, -0.000763, -0.218094, 0.975927, -0.0, 0.0, 0.0, 0.0, 1.0],
                [0.999962, -0.008679, -0.001157, 0.0, 0.008723, 0.97589, 0.218092, 0.37472, -0.000763, -0.218094, 0.975927, 0.0, 0.0, 0.0, 0.0, 1.0]
            ]
        },
        {
            "name": "Knee_R",
            "time": [0.0, 0.0833, 0.1667, 0.2833],
            "transform": [
                [0.99999, -0.004371, -0.000345, 0.0, 0.000136, 0.109711, -0.993963, 0.37472, 0.004382, 0.993954, 0.109711, -0.0, 0.0, 0.0, 0.0, 1.0],
                [0.99999, -0.004371, -0.000345, -0.0, 0.000136, 0.109711, -0.993963, 0.37472, 0.004382, 0.993954, 0.109711, -0.0, 0.0, 0.0, 0.0, 1.0],
                [0.99999, -0.004371, -0.000345, 0.0, 0.000136, 0.109711, -0.993963, 0.37472, 0.004382, 0.993954, 0.109711, -0.0, 0.0, 0.0, 0.0, 1.0],
                [0.99999, -0.004371, -0.000345, 0.0, 0.000136, 0.109711, -0.993963, 0.37472, 0.004382, 0.993954, 0.109711, 0.0, 0.0, 0.0, 0.0, 1.0]
            ]
        },
        {
            "name": "Thigh_L",
            "time": [0.0, 0.0833, 0.1667, 0.2833],
            "transform": [
                [0.997137, -0.065115, -0.038437, -0.125006, -0.056229, -0.978421, 0.198816, -0.002831, -0.050553, -0.196085, -0.979284, -1.2e-05, 0.0, 0.0, 0.0, 1.0],
                [0.997095, -0.065275, -0.039235, -0.125006, -0.056227, -0.978412, 0.198861, -0.002831, -0.051369, -0.196077, -0.979243, -1.2e-05, 0.0, 0.0, 0.0, 1.0],
                [0.997063, -0.065397, -0.039844, -0.125006, -0.056225, -0.978405, 0.198895, -0.002831, -0.05199, -0.196071, -0.979211, -1.2e-05, 0.0, 0.0, 0.0, 1.0],
                [0.997128, -0.06515, -0.038611, -0.125006, -0.056228, -0.978419, 0.198826, -0.002831, -0.050732, -0.196083, -0.979275, -1.2e-05, 0.0, 0.0, 0.0, 1.0]
            ]
        },
        {
            "name": "Leg_L",
            "time": [0.0, 0.0833, 0.1667, 0.2833],
            "transform": [
                [0.999996, 0.001261, -0.00254, -0.0, -0.000724, 0.979491, 0.201479, 0.37472, 0.002742, -0.201476, 0.97949, -0.0, 0.0, 0.0, 0.0, 1.0],
                [0.999996, 0.001261, -0.00254, -0.0, -0.000724, 0.979491, 0.201479, 0.37472, 0.002742, -0.201476, 0.97949, 0.0, 0.0, 0.0, 0.0, 1.0],
                [0.999996, 0.001261, -0.00254, -0.0, -0.000724, 0.979491, 0.201479, 0.37472, 0.002742, -0.201476, 0.97949, -0.0, 0.0, 0.0, 0.0, 1.0],
                [0.999996, 0.001261, -0.00254, -0.0, -0.000724, 0.979491, 0.201479, 0.37472, 0.002742, -0.201476, 0.97949, -0.0, 0.0, 0.0, 0.0, 1.0]
            ]
        },
        {
            "name": "Knee_L",
            "time": [0.0, 0.0833, 0.1667, 0.2833],
            "transform": [
                [0.999999, 0.000566, -0.001304, -0.0, -0.001355, 0.10126, -0.994859, 0.37472, -0.000431, 0.99486, 0.101261, -0.0, 0.0, 0.0, 0.0, 1.0],
                [0.999999, 0.000566, -0.001304, -0.0, -0.001355, 0.10126, -0.994859, 0.37472, -0.000431, 0.99486, 0.101261, 0.0, 0.0, 0.0, 0.0, 1.0],
                [0.999999, 0.000566, -0.001304, -0.0, -0.001355, 0.10126, -0.994859, 0.37472, -0.000431, 0.99486, 0.101261, -0.0, 0.0, 0.0, 0.0, 1.0],
                [0.999999, 0.000566, -0.001304, -0.0, -0.001354, 0.10126, -0.994859, 0.37472, -0.000431, 0.99486, 0.101261, -0.0, 0.0, 0.0, 0.0, 1.0]
            ]
        },
        {
            "name": "Torso",
            "time": [0.0, 0.0833, 0.1667, 0.2833],
            "transform": [
                [0.99986, -0.01673, -0.000425, 0.0, 0.016694, 0.995257, 0.095843, 0.05, -0.001181, -0.095837, 0.995396, -0.0, 0.0, 0.0, 0.0, 1.0],
                [0.99965, -0.026149, 0.004077, 0.0, 0.026088, 0.999558, 0.014268, 0.05, -0.004449, -0.014156, 0.99989, -0.0, 0.0, 0.0, 0.0, 1.0],
                [0.999338, -0.035166, 0.009333, 0.0, 0.035715, 0.99709, -0.067356, 0.05, -0.006937, 0.067645, 0.997685, -0.0, 0.0, 0.0, 0.0, 1.0],
                [0.99499, -0.099975, 0.000713, 0.0, 0.09996, 0.994921, 0.011869, 0.05, -0.001896, -0.011739, 0.999929, -0.0, 0.0, 0.0, 0.0, 1.0]
            ]
        },
        {
            "name": "Chest",
            "time": [0.0, 0.0833, 0.1667, 0.2833],
            "transform": [
                [0.908363, -0.055497, 0.414484, 0.0, -0.166815, 0.860794, 0.480839, 0.3, -0.38347, -0.505918, 0.772656, -0.0, 0.0, 0.0, 0.0, 1.0],
                [0.86409, -0.062412, 0.499453, 0.0, -0.208032, 0.859282, 0.467287, 0.3, -0.458335, -0.50768, 0.729513, 0.0, 0.0, 0.0, 0.0, 1.0],
                [0.966554, -0.059552, -0.249452, -0.0, 0.160808, 0.898435, 0.408601, 0.3, 0.199784, -0.435049, 0.877963, -0.0, 0.0, 0.0, 0.0, 1.0],
                [0.314787, -0.066009, -0.946864, -0.0, 0.569472, 0.811218, 0.13277, 0.3, 0.759349, -0.581007, 0.292952, 0.0, 0.0, 0.0, 0.0, 1.0]
            ]
        },
        {
            "name": "Head",
            "time": [0.0, 0.0833, 0.1667, 0.2833],
            "transform": [
                [0.947071, -0.20588, -0.246313, -0.0, 0.010854, 0.787369, -0.616387, 0.400001, 0.320841, 0.581088, 0.747929, -0.0, 0.0, 0.0, 0.0, 1.0],
                [0.917203, -0.2324, -0.323618, 0.0, 0.015957, 0.83303, -0.552998, 0.4, 0.3981, 0.502047, 0.767766, -0.0, 0.0, 0.0, 0.0, 1.0],
                [0.939988, 0.190917, 0.282795, -0.0, -0.061682, 0.910232, -0.409478, 0.4, -0.335586, 0.367461, 0.867384, 0.0, 0.0, 0.0, 0.0, 1.0],
                [0.098528, 0.651779, 0.751981, -0.0, -0.20076, 0.75314, -0.626479, 0.400001, -0.974673, -0.089242, 0.205056, -0.0, 0.0, 0.0, 0.0, 1.0]
            ]
        },
        {
            "name": "Shoulder_R",
            "time": [0.0, 0.0833, 0.1667, 0.2833],