{
 
    "animation": [
        {
            "name": "Root",
            "time": [0.0, 0.0667, 0.1, 0.1833, 0.3, 0.5833],
            "transform": [
                [-0.081885, -0.004706, 0.996631, -5e-06, 0.995888, -0.039261, 0.081639, 0.000946, 0.038744, 0.999218, 0.007901, 0.562111, 0.0, 0.0, 0.0, 1.0],
                [0.803318, 0.166851, 0.5717, 0.027964, 0.502382, 0.325678, -0.800966, 2.000947, -0.319832, 0.930642, 0.1778, 0.42217, 0.0, 0.0, 0.0, 1.0],
                [0.99243, 0.120965, 0.021236, -5e-06, 0.005763, 0.126855, -0.991905, 3.000947, -0.12268, 0.984518, 0.125197, 0.439258, 0.0, 0.0, 0.0, 1.0],
                [0.960548, 0.0, -0.278114, -5e-06, -0.278114, 0.0, -0.960548, 4.000947, 0.0, 1.0, 0.0, 0.444558, 0.0, 0.0, 0.0, 1.0],
                [0.949094, 0.0, -0.314994, -5e-06, -0.314994, 0.0, -0.949094, 4.000947, 0.0, 1.0, 0.0, 0.486346, 0.0, 0.0, 0.0, 1.0],
                [0.9397, 0.0, -0.341999, -5e-06, -0.341999, 0.0, -0.9397, 4.000947, 0.0, 1.0, 0.0, 0.486346, 0.0, 0.0, 0.0, 1.0]
            ]
        },
        {
            "name": "Thigh_R",
            "time": [0.0, 0.0667, 0.1, 0.1833, 0.3, 0.5833],
            "transform": [
                [0.847283, 0.304004, 0.435537, 0.124994, 0.347353, -0.93749, -0.021366, -0.002831, 0.401817, 0.169388, -0.899917, -1.2e-05, 0.0, 0.0, 0.0, 1.0],
                [0.825082, 0.457172, -0.332013, 0.124994, 0.47943, -0.255542, 0.839549, -0.002831, 0.298976, -0.851874, -0.430025, -1.2e-05, 0.0, 0.0, 0.0, 1.0],
                [0.94633, 0.16984, -0.274976, 0.124994, 0.306287, -0.199663, 0.930763, -0.002831, 0.103179, -0.965031, -0.240968, -1.2e-05, 0.0, 0.0, 0.0, 1.0],
                [0.98887, 0.001937, -0.148755, 0.124994, 0.141977, -0.310945, 0.939762, -0.002831, -0.044435, -0.950424, -0.307759, -1.2e-05, 0.0, 0.0, 0.0, 1.0],
                [0.991501, -0.036088, -0.124982, 0.124994, 0.102971, -0.369392, 0.92355, -0.002831, -0.079497, -0.928572, -0.362537, -1.2e-05, 0.0, 0.0, 0.0, 1.0],
                [0.99182, -0.049191, -0.117772, 0.124994, 0.091532, -0.368934, 0.924936, -0.002831, -0.088948, -0.928152, -0.361414, -1.1e-05, 0.0, 0.0, 0.0, 1.0]
            ]
        },
        {
            "name": "Leg_R",
            "time": [0.0, 0.0667, 0.1, 0.1833, 0.3, 0.5833],
            "transform": [
                [0.995906, 0.046319, -0.07762, 0.0, 0.019895, 0.725341, 0.688101, 0.37472, 0.088173, -0.686827, 0.721452, -0.0, 0.0, 0.0, 0.0, 1.0],
                [0.980802, 0.192882, -0.028705, 0.0, 0.088736, -0.310367, 0.946466, 0.37472, 0.173647, -0.930843, -0.321525, -0.0, 0.0, 0.0, 0.0, 1.0],
                [0.992438, 0.121912, -0.014236, 0.0, 0.024399, -0.082285, 0.99631, 0.37472, 0.12029, -0.989125, -0.084638, -0.0, 0.0, 0.0, 0.0, 1.0],
                [0.999698, -0.013363, -0.020606, -0.0, 0.024546, 0.515812, 0.856349, 0.37472, -0.000815, -0.856597, 0.515985, 0.0, 0.0, 0.0, 0.0, 1.0],
                [0.999179, -0.037631, -0.014934, 0.0, 0.034207, 0.58738, 0.808588, 0.37472, -0.021656, -0.808435, 0.588186, -0.0, 0.0, 0.0, 0.0, 1.0],
                [0.998855, -0.045716, -0.014076, -0.0, 0.038631, 0.59743, 0.80099, 0.37472, -0.028209, -0.800616, 0.598513, 0.0, 0.0, 0.0, 0.0, 1.0]
            ]
        },
        {
            "name": "Knee_R",
            "time": [0.0, 0.0667, 0.1833, 0.3, 0.5833],
            "transform": [
                [1.0, 0.0, -1e-06, 0.0, -1e-06, 0.0, -1.0, 0.37472, -0.0, 1.0, 0.0, -0.0, 0.0, 0.0, 0.0, 1.0],
                [1.0, 0.0, -1e-06, 0.0, -1e-06, 0.0, -1.0, 0.37472, -0.0, 1.0, 0.0, -0.0, 0.0, 0.0, 0.0, 1.0],
                [1.0, 0.0, -1e-06, -0.0, -1e-06, 0.0, -1.0, 0.37472, -0.0, 1.0, 0.0, 0.0, 0.0, 0.0, 0.0, 1.0],
                [1.0, 0.0, -1e-06, 0.0, -1e-06, 0.0, -1.0, 0.37472, -0.0, 1.0, 0.0, -0.0, 0.0, 0.0, 0.0, 1.0],
                [1.0, 0.0, -1e-06, -0.0, -1e-06, 0.0, -1.0, 0.37472, -0.0, 1.0, 0.0, 0.0, 0.0, 0.0, 0.0, 1.0]
            ]
        },
        {
            "name": "Thigh_L",
            "time": [0.0, 0.0667, 0.1, 0.1833, 0.3, 0.5833],
            "transform": [
                [0.964513, -0.162398, 0.208187, -0.125006, -0.264017, -0.583703, 0.767844, -0.002831, -0.003177, -0.79556, -0.605865, -1.2e-05, 0.0, 0.0, 0.0, 1.0],
                [0.856324, -0.46625, -0.222084, -0.125006, -0.465726, -0.883022, 0.058073, -0.002831, -0.223182, 0.053701, -0.973297, -1.2e-05, 0.0, 0.0, 0.0, 1.0],
                [0.915082, -0.323781, -0.240398, -0.125006, -0.330866, -0.943608, 0.011453, -0.002831, -0.23055, 0.069059, -0.970607, -1.2e-05, 0.0, 0.0, 0.0, 1.0],
                [0.947516, -0.151737, -0.281403, -0.125006, -0.212053, -0.956995, -0.197978, -0.002831, -0.239261, 0.24726, -0.938944, -1.2e-05, 0.0, 0.0, 0.0, 1.0],
                [0.961843, -0.038753, -0.270843, -0.125006, -0.112138, -0.958791, -0.261048, -0.002831, -0.249566, 0.281459, -0.926552, -1.2e-05, 0.0, 0.0, 0.0, 1.0],
                [0.964447, -0.025354, -0.263059, -0.125006, -0.094248, -0.962936, -0.252729, -0.002831, -0.246901, 0.268536, -0.931089, -1.2e-05, 0.0, 0.0, 0.0, 1.0]
            ]
        },
        {
            "name": "Leg_L",
            "time": [0.0, 0.0667, 0.1, 0.1833, 0.3, 0.5833],
            "transform": [
                [0.999678, 0.005607, 0.024727, 0.0, -0.021516, 0.703523, 0.710347, 0.37472, -0.013413, -0.710651, 0.703417, 0.0, 0.0, 0.0, 0.0, 1.0],
                [0.998581, -0.007873, 0.052662, 0.0, -0.01743, 0.88619, 0.462994, 0.37472, -0.050313, -0.463255, 0.884795, 0.0, 0.0, 0.0, 0.0, 1.0],
                [0.999005, -0.019423, 0.040137, -0.0, -0.02445, 0.514123, 0.857368, 0.37472, -0.037288, -0.857497, 0.513136, 0.0, 0.0, 0.0, 0.0, 1.0],
                [0.998805, -0.032066, 0.036902, -0.0, -0.017434, 0.471572, 0.881655, 0.37472, -0.045673, -0.881245, 0.470448, 0.0, 0.0, 0.0, 0.0, 1.0],
                [0.999253, 0.001169, 0.03863, -0.0, -0.032603, 0.562238, 0.826332, 0.37472, -0.020754, -0.826975, 0.561856, 0.0, 0.0, 0.0, 0.0, 1.0],
                [0.999225, 0.004816, 0.03907, 0.0, -0.03548, 0.540127, 0.840835, 0.37472, -0.017053, -0.84157, 0.539879, 0.0, 0.0, 0.0, 0.0, 1.0]
            ]
        },
        {
            "name": "Knee_L",
            "time": [0.0, 0.0667, 0.1833, 0.3, 0.5833],
            "transform": [
                [1.0, -0.0, 0.0, 0.0, 0.0, 0.0, -1.0, 0.37472, 0.0, 1.0, 0.0, 0.0, 0.0, 0.0, 0.0, 1.0],
                [1.0, -0.0, 0.0, 0.0, 0.0, 0.0, -1.0, 0.37472, 0.0, 1.0, 0.0, 0.0, 0.0, 0.0, 0.0, 1.0],
                [1.0, -0.0, 0.0, -0.0, 0.0, 0.0, -1.0, 0.37472, 0.0, 1.0, 0.0, 0.0, 0.0, 0.0, 0.0, 1.0],
                [1.0, -0.0, 0.0, -0.0, 0.0, 0.0, -1.0, 0.37472, 0.0, 1.0, 0.0, 0.0, 0.0, 0.0, 0.0, 1.0],
                [1.0, -0.0, 0.0, 0.0, 0.0, 0.0, -1.0, 0.37472, 0.0, 1.0, 0.0, 0.0, 0.0, 0.0, 0.0, 1.0]
            ]
        },
        {
            "name": "Torso",
            "time": [0.0, 0.0667, 0.1, 0.1833, 0.3, 0.5833],
            "transform": [
                [1.0, -0.000324, -2.8e-05, -0.0, 0.000326, 0.996366, 0.085178, 0.05, 0.0, -0.085178, 0.996366, 0.0, 0.0, 0.0, 0.0, 1.0],
                [0.999932, 0.011168, 0.003392, 0.0, -0.011672, 0.956774, 0.290597, 0.05, 0.0, -0.290617, 0.95684, 0.0, 0.0, 0.0, 0.0, 1.0],
                [0.986507, -0.146259, -0.073564, 0.0, 0.163717, 0.881308, 0.443275, 0.05, 0.0, -0.449337, 0.893362, 0.0, 0.0, 0.0, 0.0, 1.0],
                [0.986048, -0.144158, -0.08323, -0.0, 0.166459, 0.853943, 0.493024, 0.05, -0.0, -0.5, 0.866025, 0.0, 0.0, 0.0, 0.0, 1.0],
                [0.974254, -0.195246, -0.112725, 0.0, 0.22545, 0.843729, 0.487127, 0.05, 0.0, -0.5, 0.866025, 0.0, 0.0, 0.0, 0.0, 1.0],
                [0.971093, -0.20672, -0.11935, -0.0, 0.238699, 0.840992, 0.485547, 0.05, -0.0, -0.5, 0.866025, -0.0, 0.0, 0.0, 0.0, 1.0]
            ]
        },
        {
            "name": "Chest",
            "time": [0.0, 0.0667, 0.1, 0.1833, 0.3, 0.5833],