{

    "animation": [
        {
            "name": "Root",
            "time": [0.0, 0.05, 0.0833, 0.15, 0.3333, 0.5],
            "transform": [
                [0.381159, 0.183931, 0.906028, -5e-06, 0.90954, 0.101039, -0.403148, 0.000946, -0.165695, 0.977732, -0.128781, 0.773972, 0.0, 0.0, 0.0, 1.0],
                [0.218038, 0.183931, 0.958451, -5e-06, 0.965728, 0.101039, -0.239084, 0.000946, -0.140816, 0.977732, -0.155597, 0.723972, 0.0, 0.0, 0.0, 1.0],
                [0.577698, 0.09175, 0.811078, -5e-06, 0.81013, 0.057011, -0.583472, 0.100946, -0.099774, 0.994149, -0.041394, 0.673972, 0.0, 0.0, 0.0, 1.0],
                [0.992837, -0.116682, 0.025671, -5e-06, 0.045835, 0.173569, -0.983755, 0.200946, 0.110331, 0.977885, 0.177674, 0.773972, 0.0, 0.0, 0.0, 1.0],
                [0.904852, -0.165218, -0.39236, -5e-06, -0.364043, 0.177538, -0.914305, 0.200946, 0.220718, 0.970146, 0.100499, 0.573972, 0.0, 0.0, 0.0, 1.0],
                [0.836661, -0.156814, -0.524794, -5e-06, -0.499614, 0.174163, -0.848559, 0.200946, 0.224466, 0.972151, 0.067369, 0.438972, 0.0, 0.0, 0.0, 1.0]
            ]
        },
        {
            "name": "Thigh_R",
            "time": [0.0, 0.05, 0.15, 0.5],
            "transform": [
                [0.930012, 0.071182, 0.360571, 0.124994, 0.068443, -0.997445, 0.020377, -0.002831, 0.3611, 0.005728, -0.932509, -1.2e-05, 0.0, 0.0, 0.0, 1.0],
                [0.929485, 0.117093, 0.34978, 0.124994, 0.065443, -0.985579, 0.156032, -0.002831, 0.363007, -0.122139, -0.923746, -1.2e-05, 0.0, 0.0, 0.0, 1.0],
                [0.999058, 0.036281, -0.023741, 0.128737, 0.038895, -0.507961, 0.8605, -0.003496, 0.01916, -0.860614, -0.508895, 0.00463, 0.0, 0.0, 0.0, 1.0],
                [0.996226, 0.011906, 0.085961, 0.128737, -0.078428, -0.300525, 0.950542, -0.003496, 0.03715, -0.953698, -0.298458, 0.00463, 0.0, 0.0, 0.0, 1.0]
            ]
        },
        {
            "name": "Leg_R",
            "time": [0.0, 0.05, 0.15, 0.5],
            "transform": [
                [0.999837, -0.01258, -0.012946, 0.0, 0.017451, 0.856975, 0.515063, 0.37472, 0.004615, -0.515205, 0.857054, 0.0, 0.0, 0.0, 0.0, 1.0],
                [0.999587, -0.022334, -0.018115, -0.0, 0.028471, 0.679799, 0.732846, 0.37472, -0.004053, -0.733057, 0.680155, 0.0, 0.0, 0.0, 0.0, 1.0],
                [0.998511, -0.000782, -0.054554, -0.0, 0.05348, -0.183898, 0.98149, 0.37472, -0.0108, -0.982945, -0.183582, -0.0, 0.0, 0.0, 0.0, 1.0],
                [0.98829, -0.133377, -0.074111, -0.0, 0.077677, 0.021731, 0.996742, 0.37472, -0.131332, -0.990827, 0.031837, -0.0, 0.0, 0.0, 0.0, 1.0]
            ]
        },
        {
            "name": "Knee_R",
            "time": [0.0, 0.05, 0.15, 0.5],
            "transform": [
                [1.0, 0.0, -1e-06, 0.0, -1e-06, 0.0, -1.0, 0.37472, -0.0, 1.0, 0.0, 0.0, 0.0, 0.0, 0.0, 1.0],
                [1.0, 0.0, -1e-06, -0.0, -1e-06, 0.0, -1.0, 0.37472, -0.0, 1.0, 0.0, 0.0, 0.0, 0.0, 0.0, 1.0],
                [1.0, 0.0, -1e-06, -0.0, -1e-06, 0.0, -1.0, 0.37472, -0.0, 1.0, 0.0, -0.0, 0.0, 0.0, 0.0, 1.0],
                [1.0, 0.0, -1e-06, -0.0, -1e-06, 0.0, -1.0, 0.37472, -0.0, 1.0, 0.0, -0.0, 0.0, 0.0, 0.0, 1.0]
            ]
        },
        {
            "name": "Thigh_L",
            "time": [0.0, 0.05, 0.15, 0.3333, 0.5],
            "transform": [
                [0.986625, -0.012278, 0.162541, -0.125006, -0.125059, -0.696587, 0.706488, -0.002831, 0.10455, -0.717366, -0.688806, -1.2e-05, 0.0, 0.0, 0.0, 1.0],
                [0.982694, -0.015964, 0.184542, -0.125006, -0.160942, -0.566786, 0.807991, -0.002831, 0.091697, -0.82371, -0.559547, -1.2e-05, 0.0, 0.0, 0.0, 1.0],
                [0.980455, -0.153573, -0.12296, -0.124804, -0.136342, -0.980992, 0.138071, 0.000864, -0.141827, -0.118608, -0.982759, -0.000276, 0.0, 0.0, 0.0, 1.0],
                [0.964233, -0.240971, -0.110376, -0.124804, -0.206961, -0.944685, 0.254428, 0.000864, -0.165581, -0.222485, -0.960771, -0.000276, 0.0, 0.0, 0.0, 1.0],
                [0.940147, -0.334535, -0.064867, -0.124804, -0.27899, -0.86494, 0.417183, 0.000864, -0.195669, -0.374116, -0.906503, -0.000276, 0.0, 0.0, 0.0, 1.0]
            ]
        },
        {
            "name": "Leg_L",
            "time": [0.0, 0.05, 0.15, 0.5],
            "transform": [
                [0.995617, 0.079378, 0.049454, -0.0, -0.052441, 0.035995, 0.997977, 0.37472, 0.077437, -0.996195, 0.04, 0.0, 0.0, 0.0, 0.0, 1.0],
                [0.996448, 0.059057, 0.060041, -0.0, -0.053115, -0.112565, 0.992224, 0.37472, 0.065357, -0.991889, -0.109029, 0.0, 0.0, 0.0, 0.0, 1.0],
                [0.99866, 0.019842, 0.047786, 0.0, -0.050553, 0.570992, 0.819398, 0.37472, -0.011027, -0.820715, 0.571231, -0.0, 0.0, 0.0, 0.0, 1.0],
                [0.994788, 0.029151, 0.097712, -0.0, -0.091271, -0.172717, 0.980734, 0.37472, 0.045466, -0.98454, -0.169156, -0.0, 0.0, 0.0, 0.0, 1.0]
            ]
        },
        {
            "name": "Knee_L",
            "time": [0.0, 0.05, 0.15, 0.5],
            "transform": [
                [1.0, -0.0, 0.0, -0.0, 0.0, 0.0, -1.0, 0.37472, 0.0, 1.0, 0.0, 0.0, 0.0, 0.0, 0.0, 1.0],
                [1.0, -0.0, 0.0, -0.0, 0.0, 0.0, -1.0, 0.37472, 0.0, 1.0, 0.0, 0.0, 0.0, 0.0, 0.0, 1.0],
                [1.0, -0.0, 0.0, 0.0, 0.0, 0.0, -1.0, 0.37472, 0.0, 1.0, 0.0, -0.0, 0.0, 0.0, 0.0, 1.0],
                [1.0, -0.0, 0.0, -0.0, 0.0, 0.0, -1.0, 0.37472, 0.0, 1.0, 0.0, -0.0, 0.0, 0.0, 0.0, 1.0]
            ]
        },
        {
            "name": "Torso",
            "time": [0.0, 0.05, 0.0833, 0.15, 0.3333, 0.5],
            "transform": [
                [0.999904, -0.013856, -0.000222, 0.0, 0.013858, 0.999776, 0.015991, 0.05, 0.0, -0.015992, 0.999872, 0.0, 0.0, 0.0, 0.0, 1.0],
                [0.999904, -0.013856, -0.000222, 0.0, 0.013858, 0.999776, 0.015991, 0.05, 0.0, -0.015992, 0.999872, -0.0, 0.0, 0.0, 0.0, 1.0],
                [0.993405, -0.114079, -0.011541, 0.0, 0.114661, 0.98836, 0.099986, 0.05, -0.0, -0.10065, 0.994922, -0.0, 0.0, 0.0, 0.0, 1.0],
                [0.998497, -0.054565, -0.005098, -0.0, 0.054802, 0.994168, 0.092877, 0.05, 0.0, -0.093017, 0.995665, 0.0, 0.0, 0.0, 0.0, 1.0],
                [0.999746, -0.022464, -0.001617, 0.0, 0.022522, 0.997164, 0.071796, 0.05, 0.0, -0.071814, 0.997418, -0.0, 0.0, 0.0, 0.0, 1.0],
                [0.999564, -0.029479, -0.001121, -0.0, 0.0295, 0.998843, 0.03798, 0.05, -0.0, -0.037996, 0.999278, 0.0, 0.0, 0.0, 0.0, 1.0]
            ]
        },
        {
            "name": "Chest",
            "time": [0.0, 0.05, 0.0833, 0.15, 0.3333, 0.5],
            "transform": [
                [0.988349, -0.088155, 0.124073, -0.0, 0.026701, 0.902973, 0.428868, 0.3, -0.149841, -0.420559, 0.894806, 0.0, 0.0, 0.0, 0.0, 1.0],
                [0.988349, -0.088155, 0.124073, 0.0, 0.026701, 0.902972, 0.428868, 0.3, -0.149841, -0.420558, 0.894806, -0.0, 0.0, 0.0, 0.0, 1.0],
                [0.992473, 0.020646, 0.120713, -0.0, -0.051337, 0.96504, 0.257026, 0.3, -0.111186, -0.261288, 0.958836, 0.0, 0.0, 0.0, 0.0, 1.0],
                [0.892029, 0.119344, -0.435936, 0.0, -0.023016, 0.975252, 0.219893, 0.3, 0.45139, -0.186117, 0.872701, -0.0, 0.0, 0.0, 0.0, 1.0],
                [0.84258, 0.150765, -0.517038, 0.0, 0.021788, 0.949691, 0.312429, 0.3, 0.538129, -0.274512, 0.796907, 0.0, 0.0, 0.0, 0.0, 1.0],
                [0.773925, 0.115913, -0.622579, -0.0, 0.129116, 0.933573, 0.334319, 0.3, 0.619975, -0.339122, 0.70755, 0.0, 0.0, 0.0, 0.0, 1.0]
            ]
        },
        {
            "name": "Head",
            "time": [0.0, 0.05, 0.15, 0.3333, 0.5],