{

    "animation": [
        {
            "name": "Root",
            "time": [0.0, 0.1, 0.15, 0.2, 0.25, 0.7],
            "transform": [
                [-0.039913, -0.014617, -0.999096, -5e-06, -0.992937, 0.112385, 0.038022, 0.000946, 0.111728, 0.993557, -0.018999, 0.51539, 0.0, 0.0, 0.0, 1.0],
                [-0.164093, -0.014617, -0.986336, -5e-06, -0.961883, 0.224111, 0.156704, 0.415739, 0.218758, 0.974454, -0.050834, 0.468727, 0.0, 0.0, 0.0, 1.0],
                [0.518737, -0.014617, -0.854809, -5e-06, -0.819048, 0.278147, -0.501792, 0.734259, 0.245097, 0.960427, 0.132313, 0.495151, 0.0, 0.0, 0.0, 1.0],
                [0.871305, -0.014617, 0.490524, -5e-06, 0.48095, 0.224111, -0.847621, 1.000946, -0.097542, 0.974454, 0.202299, 0.473697, 0.0, 0.0, 0.0, 1.0],
                [0.45723, -0.011217, 0.889278, -5e-06, 0.836475, 0.345056, -0.425729, 1.600946, -0.302075, 0.938515, 0.167152, 0.435903, 0.0, 0.0, 0.0, 1.0],
                [0.227714, -0.014617, 0.973618, -5e-06, 0.950617, 0.21989, -0.219034, 1.600946, -0.210888, 0.975415, 0.063967, 0.478344, 0.0, 0.0, 0.0, 1.0]
            ]
        },
        {
            "name": "Thigh_R",
            "time": [0.0, 0.1, 0.15, 0.2, 0.25, 0.7],
            "transform": [
                [0.957105, 0.204208, -0.205543, 0.131232, 0.287714, -0.586118, 0.757419, -0.00394, 0.034199, -0.784067, -0.61973, 0.007725, 0.0, 0.0, 0.0, 1.0],
                [0.962161, -0.023086, -0.271495, 0.131232, 0.234218, -0.439058, 0.867391, -0.00394, -0.139226, -0.89816, -0.417039, 0.007725, 0.0, 0.0, 0.0, 1.0],
                [0.901471, 0.115949, -0.417017, 0.128113, 0.369234, -0.708748, 0.601116, -0.003385, -0.225861, -0.695867, -0.681729, 0.003857, 0.0, 0.0, 0.0, 1.0],
                [0.789146, 0.590941, -0.167441, 0.124994, 0.282447, -0.107071, 0.953289, -0.002831, 0.54541, -0.799577, -0.251404, -1.2e-05, 0.0, 0.0, 0.0, 1.0],
                [0.453347, 0.830856, -0.322727, 0.124994, 0.606288, -0.022039, 0.794939, -0.002831, 0.653368, -0.556049, -0.51373, -1.2e-05, 0.0, 0.0, 0.0, 1.0],
                [0.398573, 0.913825, 0.077844, 0.124994, 0.642909, -0.338922, 0.686876, -0.002831, 0.654068, -0.223724, -0.722593, -1.2e-05, 0.0, 0.0, 0.0, 1.0]
            ]
        },
        {
            "name": "Leg_R",
            "time": [0.0, 0.1, 0.15, 0.2, 0.25, 0.7],
            "transform": [
                [0.996359, 0.036509, -0.077052, 0.0, 0.020498, 0.774629, 0.632085, 0.37472, 0.082763, -0.631363, 0.771059, 0.0, 0.0, 0.0, 0.0, 1.0],
                [0.99328, 0.108268, -0.040904, 0.0, 0.020209, 0.185749, 0.982389, 0.37472, 0.113959, -0.976615, 0.182312, 0.0, 0.0, 0.0, 0.0, 1.0],
                [0.995438, 0.079953, -0.052082, -0.0, 0.017375, 0.384815, 0.92283, 0.37472, 0.093825, -0.919524, 0.38167, -0.0, 0.0, 0.0, 0.0, 1.0],
                [0.999359, 0.031096, -0.017772, 0.0, 0.017703, 0.002471, 0.999841, 0.37472, 0.031135, -0.999514, 0.001918, -0.0, 0.0, 0.0, 0.0, 1.0],
                [0.984587, 0.160506, -0.069462, -0.0, 0.02083, 0.286723, 0.957787, 0.37472, 0.173647, -0.944472, 0.27896, 0.0, 0.0, 0.0, 0.0, 1.0],
                [0.987346, 0.121203, -0.102272, -0.0, 0.026869, 0.50772, 0.861104, 0.37472, 0.156294, -0.852954, 0.498039, -0.0, 0.0, 0.0, 0.0, 1.0]
            ]
        },
        {
            "name": "Knee_R",
            "time": [0.0, 0.1, 0.2, 0.25, 0.7],
            "transform": [
                [1.0, 0.0, -1e-06, 0.0, -1e-06, 0.0, -1.0, 0.37472, -0.0, 1.0, 0.0, 0.0, 0.0, 0.0, 0.0, 1.0],
                [1.0, 0.0, -1e-06, 0.0, -1e-06, 0.0, -1.0, 0.37472, -0.0, 1.0, 0.0, 0.0, 0.0, 0.0, 0.0, 1.0],
                [1.0, 0.0, -1e-06, 0.0, -1e-06, 0.0, -1.0, 0.37472, -0.0, 1.0, 0.0, -0.0, 0.0, 0.0, 0.0, 1.0],
                [1.0, 0.0, -1e-06, -0.0, -1e-06, 0.0, -1.0, 0.37472, -0.0, 1.0, 0.0, 0.0, 0.0, 0.0, 0.0, 1.0],
                [1.0, 0.0, -1e-06, -0.0, -1e-06, 0.0, -1.0, 0.37472, -0.0, 1.0, 0.0, -0.0, 0.0, 0.0, 0.0, 1.0]
            ]
        },
        {
            "name": "Thigh_L",
            "time": [0.0, 0.1, 0.15, 0.2, 0.25, 0.7],
            "transform": [
                [0.70571, -0.697128, -0.126422, -0.125006, -0.572984, -0.666522, 0.4769, -0.002831, -0.416724, -0.264116, -0.869816, -1.2e-05, 0.0, 0.0, 0.0, 1.0],
                [0.830441, -0.353149, -0.430873, -0.125006, -0.203513, -0.912264, 0.355463, -0.002831, -0.518601, -0.207503, -0.829453, -1.2e-05, 0.0, 0.0, 0.0, 1.0],
                [0.884459, -0.052467, -0.463658, -0.125006, -0.043631, -0.998604, 0.029771, -0.002831, -0.464573, -0.006101, -0.885513, -1.2e-05, 0.0, 0.0, 0.0, 1.0],
                [0.917651, -0.295509, 0.265693, -0.125006, -0.334146, -0.935676, 0.113396, -0.002831, 0.215093, -0.192838, -0.957366, -1.2e-05, 0.0, 0.0, 0.0, 1.0],
                [0.871014, -0.481858, 0.095631, -0.125006, -0.455183, -0.718398, 0.526033, -0.002831, -0.184772, -0.501712, -0.845069, -1.2e-05, 0.0, 0.0, 0.0, 1.0],
                [0.922758, -0.328152, 0.202071, -0.125007, -0.364737, -0.574342, 0.732868, -0.002831, -0.124434, -0.749962, -0.649669, -1.2e-05, 0.0, 0.0, 0.0, 1.0]
            ]
        },
        {
            "name": "Leg_L",
            "time": [0.0, 0.1, 0.15, 0.2, 0.25, 0.7],
            "transform": [
                [0.982815, -0.147574, 0.110891, 0.0, -0.062618, 0.298581, 0.952328, 0.37472, -0.173649, -0.942906, 0.284209, -0.0, 0.0, 0.0, 0.0, 1.0],
                [0.988917, 0.087588, 0.119875, 0.0, -0.12181, 0.017072, 0.992406, 0.37472, 0.084877, -0.99601, 0.027552, -0.0, 0.0, 0.0, 0.0, 1.0],
                [0.986267, 0.161783, 0.033206, -0.0, -0.112219, 0.508943, 0.853454, 0.37472, 0.121174, -0.84546, 0.520109, 0.0, 0.0, 0.0, 0.0, 1.0],
                [0.996676, -0.026236, 0.077125, -0.0, -0.051338, 0.532808, 0.844677, 0.37472, -0.063254, -0.84583, 0.52969, -0.0, 0.0, 0.0, 0.0, 1.0],
                [0.996923, -0.00641, 0.078116, 0.0, -0.042467, 0.793505, 0.60708, 0.37472, -0.065877, -0.608531, 0.790791, -0.0, 0.0, 0.0, 0.0, 1.0],
                [0.995842, 0.043788, 0.079886, 0.0, -0.089265, 0.644114, 0.759702, 0.37472, -0.01819, -0.763674, 0.645345, 0.0, 0.0, 0.0, 0.0, 1.0]
            ]
        },
        {
            "name": "Knee_L",
            "time": [0.0, 0.1, 0.2, 0.25, 0.7],
            "transform": [
                [1.0, -0.0, 0.0, 0.0, 0.0, 0.0, -1.0, 0.37472, 0.0, 1.0, 0.0, -0.0, 0.0, 0.0, 0.0, 1.0],
                [1.0, -0.0, 0.0, 0.0, 0.0, 0.0, -1.0, 0.37472, 0.0, 1.0, 0.0, -0.0, 0.0, 0.0, 0.0, 1.0],
                [1.0, -0.0, 0.0, -0.0, 0.0, 0.0, -1.0, 0.37472, 0.0, 1.0, 0.0, -0.0, 0.0, 0.0, 0.0, 1.0],
                [1.0, -0.0, 0.0, 0.0, 0.0, 0.0, -1.0, 0.37472, 0.0, 1.0, 0.0, -0.0, 0.0, 0.0, 0.0, 1.0],
                [1.0, -0.0, 0.0, 0.0, 0.0, 0.0, -1.0, 0.37472, 0.0, 1.0, 0.0, 0.0, 0.0, 0.0, 0.0, 1.0]
            ]
        },
        {
            "name": "Torso",
            "time": [0.0, 0.1, 0.2, 0.25, 0.7],
            "transform": [
                [0.949206, -0.314652, 0.000817, -0.0, 0.314653, 0.949203, -0.002465, 0.05, -0.0, 0.002596, 0.999996, -0.0, 0.0, 0.0, 0.0, 1.0],
                [0.94407, -0.32876, -0.025454, 0.0, 0.329744, 0.941253, 0.072876, 0.05, 0.0, -0.077194, 0.997016, 0.0, 0.0, 0.0, 0.0, 1.0],
                [0.998928, 0.046133, 0.003803, 0.0, -0.046289, 0.995551, 0.082066, 0.05, 0.0, -0.082154, 0.99662, 0.0, 0.0, 0.0, 0.0, 1.0],
                [0.949865, 0.312658, -0.000664, -0.0, -0.312659, 0.949863, -0.002018, 0.05, 0.0, 0.002125, 0.999997, 0.0, 0.0, 0.0, 0.0, 1.0],
                [1.0, 0.000616, -0.000138, -0.0, -0.000632, 0.975759, -0.218844, 0.05, 0.0, 0.218844, 0.97576, 0.0, 0.0, 0.0, 0.0, 1.0]
            ]
        },
        {
            "name": "Chest",
            "time": [0.0, 0.1, 0.2, 0.25, 0.7],