{"animation": [{"name": "Root", "time": [0.0, 0.1, 0.15, 0.2, 0.4, 0.6], "transform": [[-0.067432, -0.080868, -0.994441, -5e-06, -0.978316, 0.200992, 0.049994, 0.000946, 0.195832, 0.976249, -0.092668, 0.458461, 0.0, 0.0, 0.0, 1.0], [0.957975, -0.16704, -0.233197, -0.099114, -0.218643, 0.101035, -0.97056, 0.398345, 0.185684, 0.98076, 0.060267, 0.511181, 0.0, 0.0, 0.0, 1.0], [0.873825, -0.128651, 0.468912, -0.03858, 0.482254, 0.106073, -0.869586, 0.570538, 0.062134, 0.986001, 0.154732, 0.551359, 0.0, 0.0, 0.0, 1.0], [0.42299, -0.087156, 0.901933, 0.001776, 0.905378, -0.0, -0.424606, 0.769425, 0.037007, 0.996195, 0.078909, 0.563902, 0.0, 0.0, 0.0, 1.0], [0.261399, -0.087156, 0.961288, 0.001776, 0.96496, 0.0, -0.262397, 0.769425, 0.022869, 0.996195, 0.084102, 0.563902, 0.0, 0.0, 0.0, 1.0], [0.261399, -0.087156, 0.961288, 0.001776, 0.96496, 0.0, -0.262397, 0.769425, 0.022869, 0.996195, 0.084102, 0.563902, 0.0, 0.0, 0.0, 1.0]]}, {"name": "Thigh_R", "time": [0.0, 0.1, 0.15, 0.2, 0.4, 0.6], "transform": [[0.858226, 0.356461, -0.369299, 0.126798, 0.511406, -0.655142, 0.556104, -0.00283, -0.043714, -0.666125, -0.744558, -0.000677, 0.0, 0.0, 0.0, 1.0], [0.929672, 0.366009, -0.041789, 0.128555, 0.36573, -0.930608, -0.014398, -0.013, -0.044159, -0.001898, -0.999022, -0.002827, 0.0, 0.0, 0.0, 1.0], [0.945575, 0.324148, 0.028582, 0.133409, 0.276152, -0.845815, 0.45644, -0.002831, 0.172129, -0.423705, -0.889295, -0.004254, 0.0, 0.0, 0.0, 1.0], [0.866791, 0.497672, 0.031572, 0.135613, 0.466345, -0.831398, 0.302159, -0.002831, 0.176625, -0.247185, -0.952734, -0.005445, 0.0, 0.0, 0.0, 1.0], [0.875373, 0.47048, 0.111228, 0.135613, 0.448883, -0.876414, 0.174369, -0.002831, 0.179518, -0.10271, -0.978378, -0.005445, 0.0, 0.0, 0.0, 1.0], [0.875373, 0.47048, 0.111228, 0.135613, 0.448883, -0.876414, 0.174369, -0.002831, 0.179518, -0.10271, -0.978378, -0.005445, 0.0, 0.0, 0.0, 1.0]]}, {"name": "Leg_R", "time": [0.0, 0.1, 0.15, 0.2, 0.4, 0.6], "transform": [[0.985793, -0.145825, -0.08334, 0.0, 0.164202, 0.732367, 0.660815, 0.37472, -0.035328, -0.665112, 0.745907, 0.0, 0.0, 0.0, 0.0, 1.0], [0.994821, -0.062484, -0.08016, 0.0, 0.098915, 0.776509, 0.622293, 0.37472, 0.023362, -0.626999, 0.778669, -0.0, 0.0, 0.0, 0.0, 1.0], [0.994723, -0.073696, -0.071386, 0.0, 0.09293, 0.352239, 0.931285, 0.37472, -0.043487, -0.933004, 0.357229, 0.0, 0.0, 0.0, 0.0, 1.0], [0.998791, -0.037427, -0.031937, 0.0, 0.048392, 0.630004, 0.775083, 0.37472, -0.008889, -0.775691, 0.631051, 0.0, 0.0, 0.0, 0.0, 1.0], [0.998748, -0.040876, -0.028886, 0.0, 0.049417, 0.713543, 0.698866, 0.37472, -0.007956, -0.699419, 0.714667, 0.0, 0.0, 0.0, 0.0, 1.0], [0.998748, -0.040876, -0.028886, 0.0, 0.049417, 0.713543, 0.698866, 0.37472, -0.007956, -0.699419, 0.714667, 0.0, 0.0, 0.0, 0.0, 1.0]]}, {"name": "Knee_R", "time": [0.0, 0.15, 0.2, 0.4, 0.6], "transform": [[1.0, 0.0, -1e-06, 0.0, -1e-06, 0.0, -1.0, 0.37472, -0.0, 1.0, 0.0, 0.0, 0.0, 0.0, 0.0, 1.0], [1.0, 0.0, -1e-06, 0.0, -1e-06, 0.0, -1.0, 0.37472, -0.0, 1.0, 0.0, 0.0, 0.0, 0.0, 0.0, 1.0], [1.0, 0.0, -1e-06, 0.0, -1e-06, 0.0, -1.0, 0.37472, -0.0, 1.0, 0.0, 0.0, 0.0, 0.0, 0.0, 1.0], [1.0, 0.0, -1e-06, 0.0, -1e-06, 0.0, -1.0, 0.37472, -0.0, 1.0, 0.0, 0.0, 0.0, 0.0, 0.0, 1.0], [1.0, 0.0, -1e-06, 0.0, -1e-06, 0.0, -1.0, 0.37472, -0.0, 1.0, 0.0, 0.0, 0.0, 0.0, 0.0, 1.0]]}, {"name": "Thigh_L", "time": [0.0, 0.1, 0.15, 0.2, 0.4, 0.6], "transform": [[0.682192, -0.696704, -0.221848, -0.151776, -0.590112, -0.703775, 0.395558, -0.002831, -0.431718, -0.138932, -0.891244, 0.030243, 0.0, 0.0, 0.0, 1.0], [0.957133, -0.262269, -0.122922, -0.142257, -0.102826, -0.704415, 0.7023, 0.007339, -0.27078, -0.659555, -0.701188, 0.016517, 0.0, 0.0, 0.0, 1.0], [0.965823, -0.201867, 0.162595, -0.137259, -0.255985, -0.64426, 0.720694, -0.002831, -0.040731, -0.737684, -0.673916, 0.006748, 0.0, 0.0, 0.0, 1.0], [0.861987, -0.454208, 0.225106, -0.13363, -0.49214, -0.643327, 0.586453, -0.002831, -0.121554, -0.616299, -0.778074, 0.000874, 0.0, 0.0, 0.0, 1.0], [0.879836, -0.40708, 0.245304, -0.13363, -0.464796, -0.629179, 0.622976, -0.002831, -0.099261, -0.662133, -0.742784, 0.000874, 0.0, 0.0, 0.0, 1.0], [0.879836, -0.40708, 0.245304, -0.13363, -0.464796, -0.629179, 0.622976, -0.002831, -0.099261, -0.662133, -0.742784, 0.000874, 0.0, 0.0, 0.0, 1.0]]}, {"name": "Leg_L", "time": [0.0, 0.1, 0.15, 0.2, 0.4, 0.6], "transform": [[0.984262, -0.171757, 0.041551, 0.0, -0.041332, 0.004852, 0.999134, 0.37472, -0.17181, -0.985128, -0.002323, 0.0, 0.0, 0.0, 0.0, 1.0], [0.995028, -0.092739, 0.036307, -0.0, -0.038024, -0.016809, 0.999136, 0.37472, -0.092049, -0.995549, -0.020251, -0.0, 0.0, 0.0, 0.0, 1.0], [0.995272, -0.071167, 0.066094, 0.0, -0.051045, 0.195657, 0.979344, 0.37472, -0.082628, -0.978088, 0.191099, 0.0, 0.0, 0.0, 0.0, 1.0], [0.996827, 0.060081, 0.05222, 0.0, -0.079586, 0.765604, 0.638371, 0.37472, -0.001626, -0.640502, 0.767956, -0.0, 0.0, 0.0, 0.0, 1.0], [0.994733, 0.088844, 0.051114, 0.0, -0.102212, 0.822585, 0.559382, 0.37472, 0.007652, -0.56166, 0.827333, 0.0, 0.0, 0.0, 0.0, 1.0], [0.994733, 0.088844, 0.051114, 0.0, -0.102212, 0.822585, 0.559382, 0.37472, 0.007652, -0.56166, 0.827333, 0.0, 0.0, 0.0, 0.0, 1.0]]}, {"name": "Knee_L", "time": [0.0, 0.15, 0.2, 0.4, 0.6], "transform": [[1.0, -0.0, 0.0, 0.0, 0.0, 0.0, -1.0, 0.37472, 0.0, 1.0, 0.0, 0.0, 0.0, 0.0, 0.0, 1.0], [1.0, -0.0, 0.0, 0.0, 0.0, 0.0, -1.0, 0.37472, 0.0, 1.0, 0.0, 0.0, 0.0, 0.0, 0.0, 1.0], [1.0, -0.0, 0.0, 0.0, 0.0, 0.0, -1.0, 0.37472, 0.0, 1.0, 0.0, -0.0, 0.0, 0.0, 0.0, 1.0], [1.0, -0.0, 0.0, 0.0, 0.0, 0.0, -1.0, 0.37472, 0.0, 1.0, 0.0, 0.0, 0.0, 0.0, 0.0, 1.0], [1.0, -0.0, 0.0, 0.0, 0.0, 0.0, -1.0, 0.37472, 0.0, 1.0, 0.0, 0.0, 0.0, 0.0, 0.0, 1.0]]}, {"name": "Torso", "time": [0.0, 0.15, 0.2, 0.4, 0.6], "transform": [[0.998639, -0.052125, 0.001694, -0.0, 0.052152, 0.998112, -0.03244, 0.05, -0.0, 0.032484, 0.999472, -0.0, 0.0, 0.0, 0.0, 1.0], [0.997308, -0.073293, -0.001996, 0.0, 0.07332, 0.996939, 0.027155, 0.05, -0.0, -0.027228, 0.999629, -0.0, 0.0, 0.0, 0.0, 1.0], [0.999514, -0.03099, 0.003449, -0.0, 0.031181, 0.99338, -0.11056, 0.05, 0.0, 0.110613, 0.993863, 0.0, 0.0, 0.0, 0.0, 1.0], [0.999514, -0.03099, 0.003449, 0.0, 0.031181, 0.99338, -0.11056, 0.05, -0.0, 0.110613, 0.993864, -0.0, 0.0, 0.0, 0.0, 1.0], [0.999514, -0.03099, 0.003449, 0.0, 0.031181, 0.99338, -0.11056, 0.05, -0.0, 0.110613, 0.993864, -0.0, 0.0, 0.0, 0.0, 1.0]]}, {"name": "Chest", "time": [0.0, 0.15, 0.2, 0.4, 0.6], "transform": [[0.883501, -0.021491, -0.467936, 0.0, 0.220203, 0.900744, 0.374393, 0.3, 0.413445, -0.433818, 0.800541, -0.0, 0.0, 0.0, 0.0, 1.0], [0.972473, 0.067879, 0.222908, -0.0, -0.081114, 0.995412, 0.050757, 0.3, -0.21844, -0.06744, 0.973517, -0.0, 0.0, 0.0, 0.0, 1.0], [0.90599, -0.015881, 0.423, -0.0, -0.053168, 0.987113, 0.150936, 0.3, -0.419946, -0.159236, 0.89347, -0.0, 0.0, 0.0, 0.0, 1.0], [0.852082, -0.045865, 0.521395, -0.0, -0.040338, 0.987437, 0.152782, 0.3, -0.521852, -0.151214, 0.839527, 0.0, 0.0, 0.0, 0.0, 1.0], [0.798493, -0.045865, 0.600254, -0.0, -0.05472, 0.987437, 0.14824, 0.3, -0.599512, -0.151215, 0.785952, 0.0, 0.0, 0.0, 0.0, 1.0]]}, {"name": "Head", "time": [0.0, 0.15, 0.2, 0.4, 0.6], "transform": [[0.512636, 0.05528, 0.856825, 0.0, 0.000894, 0.99789, -0.064917, 0.4, -0.858606, 0.034044, 0.511505, -0.0, 0.0, 0.0, 0.0, 1.0], [0.75769, 0.177548, -0.627998, 0.0, -0.203023, 0.978659, 0.031737, 0.4, 0.620231, 0.103451, 0.777567, 0.0, 0.0, 0.0, 0.0, 1.0], [0.455235, 0.181566, -0.871662, 0.0, -0.109714, 0.982966, 0.14745, 0.4, 0.883586, 0.028509, 0.4674, -0.0, 0.0, 0.0, 0.0, 1.0], [0.455235, 0.181566, -0.871662, 0.0, -0.109714, 0.982966, 0.14745, 0.4, 0.883586, 0.028509, 0.4674, -0.0, 0.0, 0.0, 0.0, 1.0], [0.455235, 0.181565, -0.871662, 0.0, -0.109714, 0.982966, 0.14745, 0.4, 0.883586, 0.028509, 0.4674, 0.0, 0.0, 0.0, 0.0, 1.0]]}, {"name": "Shoulder_R", "time": [0.0, 0.1, 0.15, 0.2, 0.4, 0.6],