{"animation": [{"name": "Root", "time": [0.0, 0.1, 0.1333, 0.1667, 0.2, 0.3833, 0.6167], "transform": [[-0.147762, 0.162995, 0.975499, -5e-06, 0.986118, 0.099823, 0.132692, 0.000946, -0.075749, 0.981564, -0.175483, 0.773972, 0.0, 0.0, 0.0, 1.0], [-0.23222, 0.162995, 0.958909, -5e-06, 0.9708, 0.099823, 0.218132, 0.000946, -0.060167, 0.981564, -0.181417, 0.573972, 0.0, 0.0, 0.0, 1.0], [0.709763, 0.09175, 0.69844, -5e-06, 0.696503, 0.057011, -0.715285, 1.200946, -0.105447, 0.994149, -0.02344, 0.703972, 0.0, 0.0, 0.0, 1.0], [0.975579, -0.107776, 0.191391, -5e-06, 0.208642, 0.182311, -0.960849, 4.000947, 0.068664, 0.977316, 0.200345, 0.808972, 0.0, 0.0, 0.0, 1.0], [0.966315, -0.201467, -0.160144, -5e-06, -0.06328, 0.417154, -0.90663, 4.000947, 0.24946, 0.886224, 0.390354, 1.013972, 0.0, 0.0, 0.0, 1.0], [0.809419, -0.116682, -0.575522, -5e-06, -0.534849, 0.258136, -0.804551, 4.000947, 0.24244, 0.959036, 0.146533, 1.123972, 0.0, 0.0, 0.0, 1.0], [0.486884, -0.116682, -0.865638, -5e-06, -0.871526, 0.001124, -0.490348, 4.000947, 0.058188, 0.993169, -0.101145, 0.485521, 0.0, 0.0, 0.0, 1.0]]}, {"name": "Thigh_R", "time": [0.0, 0.1, 0.1333, 0.1667, 0.2, 0.3833, 0.6167], "transform": [[0.997605, -0.017645, 0.066879, 0.124994, -0.017124, -0.999817, -0.008353, -0.002831, 0.067015, 0.007187, -0.997725, -1.2e-05, 0.0, 0.0, 0.0, 1.0], [0.996227, -0.040382, 0.076827, 0.124994, -0.037646, -0.998615, -0.036741, -0.002831, 0.078204, 0.03371, -0.996366, -1.2e-05, 0.0, 0.0, 0.0, 1.0], [0.998548, -0.00351, 0.053755, 0.126242, -0.020164, -0.949683, 0.31256, -0.003052, 0.049953, -0.31319, -0.948375, 0.001536, 0.0, 0.0, 0.0, 1.0], [0.999555, 0.023764, 0.017977, 0.127489, 0.007066, -0.775127, 0.631764, -0.003275, 0.028948, -0.631356, -0.774951, 0.003084, 0.0, 0.0, 0.0, 1.0], [0.999058, 0.036281, -0.023741, 0.128737, 0.038895, -0.507961, 0.8605, -0.003496, 0.01916, -0.860614, -0.508895, 0.00463, 0.0, 0.0, 0.0, 1.0], [0.99472, -0.075804, 0.069153, 0.128737, -0.101609, -0.633904, 0.766707, -0.003496, -0.014283, -0.769687, -0.63826, 0.00463, 0.0, 0.0, 0.0, 1.0], [0.895723, 0.256281, 0.363311, 0.124995, 0.006286, -0.824369, 0.566015, -0.002831, 0.444561, -0.50471, -0.740019, -1.2e-05, 0.0, 0.0, 0.0, 1.0]]}, {"name": "Leg_R", "time": [0.0, 0.1, 0.1333, 0.1667, 0.2, 0.3833, 0.6167], "transform": [[0.986384, -0.144712, -0.078128, 0.0, 0.135389, 0.444875, 0.8853, 0.37472, -0.093356, -0.883825, 0.45841, -0.0, 0.0, 0.0, 0.0, 1.0], [0.976283, -0.171986, -0.131495, 0.0, 0.153506, 0.121618, 0.980636, 0.37472, -0.152664, -0.977562, 0.145135, 0.0, 0.0, 0.0, 0.0, 1.0], [0.987254, -0.112718, -0.112357, 0.0, 0.115503, 0.021765, 0.993069, 0.37472, -0.109491, -0.993388, 0.034507, -0.0, 0.0, 0.0, 0.0, 1.0], [0.994719, -0.055219, -0.086516, 0.0, 0.08191, -0.080842, 0.993356, 0.37472, -0.061847, -0.995195, -0.075892, -0.0, 0.0, 0.0, 0.0, 1.0], [0.998511, -0.000782, -0.054554, -0.0, 0.05348, -0.183898, 0.98149, 0.37472, -0.0108, -0.982945, -0.183582, 0.0, 0.0, 0.0, 0.0, 1.0], [0.991931, -0.126746, -0.003012, -0.0, 0.071515, 0.539751, 0.838781, 0.37472, -0.104687, -0.832229, 0.54446, 0.0, 0.0, 0.0, 0.0, 1.0], [0.999041, 0.003419, -0.043671, -0.0, 0.040253, 0.321566, 0.946031, 0.37472, 0.017278, -0.946881, 0.321119, 0.0, 0.0, 0.0, 0.0, 1.0]]}, {"name": "Knee_R", "time": [0.0, 0.1, 0.1333, 0.1667, 0.2, 0.3833, 0.6167], "transform": [[1.0, 0.0, -1e-06, 0.0, -1e-06, 0.0, -1.0, 0.37472, -0.0, 1.0, 0.0, -0.0, 0.0, 0.0, 0.0, 1.0], [1.0, 0.0, -1e-06, 0.0, -1e-06, 0.0, -1.0, 0.37472, -0.0, 1.0, 0.0, 0.0, 0.0, 0.0, 0.0, 1.0], [1.0, 0.0, -1e-06, 0.0, -1e-06, 0.0, -1.0, 0.37472, -0.0, 1.0, 0.0, -0.0, 0.0, 0.0, 0.0, 1.0], [1.0, 0.0, -1e-06, 0.0, -1e-06, 0.0, -1.0, 0.37472, -0.0, 1.0, 0.0, -0.0, 0.0, 0.0, 0.0, 1.0], [1.0, 0.0, -1e-06, -0.0, -1e-06, 0.0, -1.0, 0.37472, -0.0, 1.0, 0.0, 0.0, 0.0, 0.0, 0.0, 1.0], [1.0, 0.0, -1e-06, -0.0, -1e-06, 0.0, -1.0, 0.37472, -0.0, 1.0, 0.0, 0.0, 0.0, 0.0, 0.0, 1.0], [1.0, 0.0, -1e-06, -0.0, -1e-06, 0.0, -1.0, 0.37472, -0.0, 1.0, 0.0, 0.0, 0.0, 0.0, 0.0, 1.0]]}, {"name": "Thigh_L", "time": [0.0, 0.1, 0.1333, 0.1667, 0.2, 0.3833, 0.6167], "transform": [[0.982207, -0.187682, 0.006563, -0.125006, -0.089671, -0.438004, 0.89449, -0.002831, -0.165005, -0.879164, -0.44704, -1.2e-05, 0.0, 0.0, 0.0, 1.0], [0.981357, -0.188856, -0.035666, -0.125006, -0.088741, -0.609854, 0.78753, -0.002831, -0.170481, -0.769683, -0.615244, -1.2e-05, 0.0, 0.0, 0.0, 1.0], [0.984935, -0.156389, -0.073776, -0.124939, -0.08074, -0.793223, 0.603555, -0.001599, -0.15291, -0.588506, -0.793901, -0.0001, 0.0, 0.0, 0.0, 1.0], [0.988121, -0.114377, -0.10263, -0.124871, -0.068139, -0.924712, 0.374517, -0.000368, -0.137739, -0.363076, -0.921522, -0.000187, 0.0, 0.0, 0.0, 1.0], [0.990588, -0.067095, -0.119291, -0.124804, -0.052219, -0.99094, 0.123728, 0.000864, -0.126512, -0.116334, -0.985119, -0.000276, 0.0, 0.0, 0.0, 1.0], [0.954588, -0.29378, 0.049522, -0.124804, -0.232995, -0.632568, 0.738626, 0.000864, -0.185668, -0.716623, -0.672292, -0.000277, 0.0, 0.0, 0.0, 1.0], [0.953843, -0.28205, 0.103091, -0.124804, -0.288479, -0.765245, 0.57548, 0.000864, -0.083424, -0.578659, -0.81129, -0.000276, 0.0, 0.0, 0.0, 1.0]]}, {"name": "Leg_L", "time": [0.0, 0.1, 0.1333, 0.1667, 0.2, 0.3833, 0.6167], "transform": [[0.998938, -0.041476, 0.020063, 0.0, -0.017436, 0.062751, 0.997876, 0.37472, -0.042647, -0.997168, 0.061961, 0.0, 0.0, 0.0, 0.0, 1.0], [0.998922, -0.035995, 0.029296, -0.0, -0.017436, 0.293926, 0.95567, 0.37472, -0.04301, -0.95515, 0.292982, -0.0, 0.0, 0.0, 0.0, 1.0], [0.99914, -0.018105, 0.03729, -0.0, -0.027254, 0.390904, 0.920029, 0.37472, -0.031234, -0.920253, 0.390075, -0.0, 0.0, 0.0, 0.0, 1.0], [0.999052, -0.010626, 0.042219, 0.0, -0.0384, 0.241873, 0.969549, 0.37472, -0.020514, -0.97025, 0.241235, 0.0, 0.0, 0.0, 0.0, 1.0], [0.99866, 0.006518, 0.05133, -0.0, -0.050553, 0.334326, 0.941101, 0.37472, -0.011027, -0.942435, 0.334208, -0.0, 0.0, 0.0, 0.0, 1.0], [0.995905, -0.036522, 0.082696, 0.0, -0.089655, -0.281735, 0.955294, 0.37472, -0.011591, -0.958798, -0.283855, -0.0, 0.0, 0.0, 0.0, 1.0], [0.977733, -0.163799, 0.131173, 0.0, -0.178666, -0.32191, 0.929759, 0.37472, -0.110067, -0.932493, -0.344008, 0.0, 0.0, 0.0, 0.0, 1.0]]}, {"name": "Knee_L", "time": [0.0, 0.1, 0.1333, 0.1667, 0.2, 0.3833, 0.6167], "transform": [[1.0, -0.0, 0.0, 0.0, 0.0, 0.0, -1.0, 0.37472, 0.0, 1.0, 0.0, 0.0, 0.0, 0.0, 0.0, 1.0], [1.0, -0.0, 0.0, -0.0, 0.0, 0.0, -1.0, 0.37472, 0.0, 1.0, 0.0, -0.0, 0.0, 0.0, 0.0, 1.0], [1.0, -0.0, 0.0, -0.0, 0.0, 0.0, -1.0, 0.37472, 0.0, 1.0, 0.0, -0.0, 0.0, 0.0, 0.0, 1.0], [1.0, -0.0, 0.0, 0.0, 0.0, 0.0, -1.0, 0.37472, 0.0, 1.0, 0.0, 0.0, 0.0, 0.0, 0.0, 1.0], [1.0, -0.0, 0.0, -0.0, 0.0, 0.0, -1.0, 0.37472, 0.0, 1.0, 0.0, -0.0, 0.0, 0.0, 0.0, 1.0], [1.0, -0.0, 0.0, 0.0, 0.0, 0.0, -1.0, 0.37472, 0.0, 1.0, 0.0, -0.0, 0.0, 0.0, 0.0, 1.0], [1.0, -0.0, 0.0, 0.0, 0.0, 0.0, -1.0, 0.37472, 0.0, 1.0, 0.0, 0.0, 0.0, 0.0, 0.0, 1.0]]}, {"name": "Torso", "time": [0.0, 0.1, 0.1333, 0.1667, 0.2, 0.3833, 0.6167], "transform": [[0.999904, -0.013856, -0.000222, -0.0, 0.013858, 0.999776, 0.015991, 0.05, 0.0, -0.015992, 0.999872, -0.0, 0.0, 0.0, 0.0, 1.0], [0.999904, -0.013856, -0.000222, -0.0, 0.013858, 0.999776, 0.015991, 0.05, 0.0, -0.015992, 0.999872, 0.0, 0.0, 0.0, 0.0, 1.0], [0.999484, -0.032074, -0.001691, -0.0, 0.032118, 0.998097, 0.052629, 0.05, -0.0, -0.052656, 0.998613, 0.0, 0.0, 0.0, 0.0, 1.0], [0.999447, 0.033155, 0.002368, 0.0, -0.033239, 0.996907, 0.071215, 0.05, 0.0, -0.071254, 0.997458, -0.0, 0.0, 0.0, 0.0, 1.0], [0.999956, 0.009323, 0.001231, -0.0, -0.009404, 0.991348, 0.130918, 0.05, 0.0, -0.130923, 0.991392, 0.0, 0.0, 0.0, 0.0, 1.0], [0.999988, -0.00482, 8.2e-05, -0.0, 0.004821, 0.999844, -0.016988, 0.05, 0.0, 0.016988, 0.999856, -0.0, 0.0, 0.0, 0.0, 1.0], [0.999973, -0.007249, 0.000325, -0.0, 0.007257, 0.998972, -0.044733, 0.05, -0.0, 0.044734, 0.998999, 0.0, 0.0, 0.0, 0.0, 1.0]]}, {"name": "Chest", "time": [0.0, 0.1, 0.1333, 0.1667, 0.2, 0.3833, 0.6167],