{"animation": [{"name": "Root", "time": [0.0, 0.2, 0.3, 0.4, 0.6, 0.7, 0.8], "transform": [[1.0, 0.0, 0.0, -5e-06, 0.0, -0.34202, -0.939693, 0.040577, 0.0, 0.939693, -0.34202, 0.773972, 0.0, 0.0, 0.0, 1.0], [1.0, 0.0, 0.0, -5e-06, 0.0, -0.34202, -0.939693, 0.099311, 0.0, 0.939693, -0.34202, 0.773972, 0.0, 0.0, 0.0, 1.0], [1.0, 0.0, 0.0, -5e-06, 0.0, -0.34202, -0.939693, 0.069944, 0.0, 0.939693, -0.34202, 0.82204, 0.0, 0.0, 0.0, 1.0], [1.0, 0.0, 0.0, -5e-06, 0.0, -0.34202, -0.939693, 0.040577, 0.0, 0.939693, -0.34202, 0.773972, 0.0, 0.0, 0.0, 1.0], [1.0, 0.0, 0.0, -5e-06, 0.0, -0.34202, -0.939693, 0.099311, 0.0, 0.939693, -0.34202, 0.773972, 0.0, 0.0, 0.0, 1.0], [1.0, 0.0, 0.0, -5e-06, 0.0, -0.34202, -0.939693, 0.069944, 0.0, 0.939693, -0.34202, 0.82204, 0.0, 0.0, 0.0, 1.0], [1.0, 0.0, 0.0, -5e-06, 0.0, -0.34202, -0.939693, 0.040577, 0.0, 0.939693, -0.34202, 0.773972, 0.0, 0.0, 0.0, 1.0]]}, {"name": "Thigh_R", "time": [0.0, 0.2, 0.3, 0.4, 0.6, 0.7, 0.8], "transform": [[0.96993, 0.036133, 0.240685, 0.124994, -0.036908, -0.955643, 0.292201, -0.002831, 0.240568, -0.292297, -0.925576, -1.2e-05, 0.0, 0.0, 0.0, 1.0], [0.968427, 0.13846, 0.207311, 0.124994, 0.059913, -0.936473, 0.345583, -0.002831, 0.241991, -0.322251, -0.915202, -1.2e-05, 0.0, 0.0, 0.0, 1.0], [0.982174, 0.187304, 0.015862, 0.124994, 0.094012, -0.562535, 0.821411, -0.002831, 0.162777, -0.805277, -0.570117, -1.2e-05, 0.0, 0.0, 0.0, 1.0], [0.992201, 0.1243, 0.009296, 0.124994, -0.019792, 0.083477, 0.996313, -0.002831, 0.123065, -0.988727, 0.085286, -1.2e-05, 0.0, 0.0, 0.0, 1.0], [0.99471, 0.097259, 0.033061, 0.124994, 0.013842, -0.445808, 0.895022, -0.002831, 0.101788, -0.889828, -0.444796, -1.2e-05, 0.0, 0.0, 0.0, 1.0], [0.98607, 0.058094, 0.155854, 0.124994, -0.036877, -0.837341, 0.545434, -0.002831, 0.16219, -0.543583, -0.823536, -1.2e-05, 0.0, 0.0, 0.0, 1.0], [0.96993, 0.036133, 0.240685, 0.124994, -0.036908, -0.955643, 0.292201, -0.002831, 0.240568, -0.292297, -0.925576, -1.2e-05, 0.0, 0.0, 0.0, 1.0]]}, {"name": "Leg_R", "time": [0.0, 0.2, 0.3, 0.4, 0.6, 0.7, 0.8], "transform": [[0.999846, -0.004775, 0.016902, 0.0, 0.000618, 0.971298, 0.237867, 0.37472, -0.017553, -0.237821, 0.97115, -0.0, 0.0, 0.0, 0.0, 1.0], [0.996151, -0.026427, -0.083571, 0.0, 0.067807, 0.836525, 0.543717, 0.37472, 0.05554, -0.547291, 0.835097, -0.0, 0.0, 0.0, 0.0, 1.0], [0.992012, -0.095433, -0.082498, 0.0, 0.09396, 0.12262, 0.987996, 0.37472, -0.084172, -0.987855, 0.130607, 0.0, 0.0, 0.0, 0.0, 1.0], [0.999997, -0.001326, 0.00221, 0.0, -0.002198, 0.008797, 0.999959, 0.37472, -0.001345, -0.99996, 0.008794, -0.0, 0.0, 0.0, 0.0, 1.0], [0.998244, -0.020075, 0.055732, -0.0, -0.052036, 0.15243, 0.986943, 0.37472, -0.028308, -0.98811, 0.151118, -0.0, 0.0, 0.0, 0.0, 1.0], [0.999768, 0.005444, 0.020853, 0.0, -0.019006, 0.67889, 0.733994, 0.37472, -0.010161, -0.734221, 0.678835, 0.0, 0.0, 0.0, 0.0, 1.0], [0.999846, -0.004775, 0.016902, 0.0, 0.000618, 0.971298, 0.237867, 0.37472, -0.017553, -0.237821, 0.97115, -0.0, 0.0, 0.0, 0.0, 1.0]]}, {"name": "Knee_R", "time": [0.0, 0.2, 0.3, 0.4, 0.6, 0.7, 0.8], "transform": [[1.0, 0.0, -1e-06, 0.0, -1e-06, 0.0, -1.0, 0.37472, -0.0, 1.0, 0.0, -0.0, 0.0, 0.0, 0.0, 1.0], [1.0, 0.0, -1e-06, 0.0, -1e-06, 0.0, -1.0, 0.37472, -0.0, 1.0, 0.0, -0.0, 0.0, 0.0, 0.0, 1.0], [1.0, 0.0, -1e-06, 0.0, -1e-06, 0.0, -1.0, 0.37472, -0.0, 1.0, 0.0, 0.0, 0.0, 0.0, 0.0, 1.0], [1.0, 0.0, -1e-06, 0.0, -1e-06, 0.0, -1.0, 0.37472, -0.0, 1.0, 0.0, -0.0, 0.0, 0.0, 0.0, 1.0], [1.0, 0.0, -1e-06, -0.0, -1e-06, 0.0, -1.0, 0.37472, -0.0, 1.0, 0.0, -0.0, 0.0, 0.0, 0.0, 1.0], [1.0, 0.0, -1e-06, 0.0, -1e-06, 0.0, -1.0, 0.37472, -0.0, 1.0, 0.0, 0.0, 0.0, 0.0, 0.0, 1.0], [1.0, 0.0, -1e-06, 0.0, -1e-06, 0.0, -1.0, 0.37472, -0.0, 1.0, 0.0, -0.0, 0.0, 0.0, 0.0, 1.0]]}, {"name": "Thigh_L", "time": [0.0, 0.2, 0.3, 0.4, 0.6, 0.7, 0.8], "transform": [[0.992201, -0.1243, -0.009295, -0.125006, 0.019791, 0.083477, 0.996313, -0.002831, -0.123066, -0.988727, 0.085286, -1.2e-05, 0.0, 0.0, 0.0, 1.0], [0.99471, -0.097259, -0.03306, -0.125006, -0.013843, -0.445808, 0.895022, -0.002831, -0.101788, -0.889828, -0.444796, -1.2e-05, 0.0, 0.0, 0.0, 1.0], [0.98607, -0.058095, -0.155854, -0.125006, 0.036877, -0.837341, 0.545434, -0.002831, -0.16219, -0.543583, -0.823536, -1.2e-05, 0.0, 0.0, 0.0, 1.0], [0.96993, -0.036134, -0.240685, -0.125006, 0.036907, -0.955643, 0.292201, -0.002831, -0.240568, -0.292297, -0.925576, -1.2e-05, 0.0, 0.0, 0.0, 1.0], [0.968427, -0.138461, -0.207311, -0.125006, -0.059914, -0.936473, 0.345583, -0.002831, -0.241991, -0.322251, -0.915202, -1.2e-05, 0.0, 0.0, 0.0, 1.0], [0.982174, -0.187305, -0.015861, -0.125006, -0.094013, -0.562535, 0.821411, -0.002831, -0.162777, -0.805277, -0.570117, -1.2e-05, 0.0, 0.0, 0.0, 1.0], [0.992201, -0.1243, -0.009295, -0.125006, 0.019791, 0.083477, 0.996313, -0.002831, -0.123066, -0.988727, 0.085286, -1.2e-05, 0.0, 0.0, 0.0, 1.0]]}, {"name": "Leg_L", "time": [0.0, 0.2, 0.3, 0.4, 0.6, 0.7, 0.8], "transform": [[0.999997, 0.001324, -0.002209, -0.0, 0.002197, 0.008797, 0.999959, 0.37472, 0.001344, -0.99996, 0.008794, -0.0, 0.0, 0.0, 0.0, 1.0], [0.998244, 0.020073, -0.055731, -0.0, 0.052035, 0.15243, 0.986943, 0.37472, 0.028306, -0.988111, 0.151118, -0.0, 0.0, 0.0, 0.0, 1.0], [0.999768, -0.005444, -0.020852, 0.0, 0.019006, 0.67889, 0.733994, 0.37472, 0.01016, -0.734221, 0.678835, 0.0, 0.0, 0.0, 0.0, 1.0], [0.999846, 0.004776, -0.016901, 0.0, -0.000619, 0.971298, 0.237867, 0.37472, 0.017552, -0.23782, 0.97115, -0.0, 0.0, 0.0, 0.0, 1.0], [0.996151, 0.026427, 0.083572, -0.0, -0.067807, 0.836525, 0.543717, 0.37472, -0.055542, -0.547291, 0.835097, -0.0, 0.0, 0.0, 0.0, 1.0], [0.992012, 0.095432, 0.082499, -0.0, -0.093961, 0.12262, 0.987996, 0.37472, 0.084171, -0.987855, 0.130607, 0.0, 0.0, 0.0, 0.0, 1.0], [0.999997, 0.001324, -0.002209, -0.0, 0.002197, 0.008797, 0.999959, 0.37472, 0.001344, -0.99996, 0.008794, -0.0, 0.0, 0.0, 0.0, 1.0]]}, {"name": "Knee_L", "time": [0.0, 0.2, 0.3, 0.4, 0.6, 0.7, 0.8], "transform": [[1.0, -0.0, 0.0, -0.0, 0.0, 0.0, -1.0, 0.37472, 0.0, 1.0, 0.0, -0.0, 0.0, 0.0, 0.0, 1.0], [1.0, -0.0, 0.0, 0.0, 0.0, 0.0, -1.0, 0.37472, 0.0, 1.0, 0.0, 0.0, 0.0, 0.0, 0.0, 1.0], [1.0, -0.0, 0.0, 0.0, 0.0, 0.0, -1.0, 0.37472, 0.0, 1.0, 0.0, 0.0, 0.0, 0.0, 0.0, 1.0], [1.0, -0.0, 0.0, -0.0, 0.0, 0.0, -1.0, 0.37472, 0.0, 1.0, 0.0, -0.0, 0.0, 0.0, 0.0, 1.0], [1.0, -0.0, 0.0, 0.0, 0.0, 0.0, -1.0, 0.37472, 0.0, 1.0, 0.0, 0.0, 0.0, 0.0, 0.0, 1.0], [1.0, -0.0, 0.0, -0.0, 0.0, 0.0, -1.0, 0.37472, 0.0, 1.0, 0.0, 0.0, 0.0, 0.0, 0.0, 1.0], [1.0, -0.0, 0.0, -0.0, 0.0, 0.0, -1.0, 0.37472, 0.0, 1.0, 0.0, -0.0, 0.0, 0.0, 0.0, 1.0]]}, {"name": "Torso", "time": [0.0, 0.2, 0.3, 0.4, 0.6, 0.7, 0.8], "transform": [[0.990618, 0.128419, -0.046741, 0.0, -0.128419, 0.991715, 0.003015, 0.05, 0.046741, 0.003015, 0.998902, 0.0, 0.0, 0.0, 0.0, 1.0], [1.0, -0.0, 0.0, 0.0, 0.0, 0.990695, -0.1361, 0.05, -0.0, 0.1361, 0.990695, 0.0, 0.0, 0.0, 0.0, 1.0], [0.997649, -0.06356, 0.025625, 0.0, 0.063934, 0.997855, -0.014046, 0.05, -0.024678, 0.015651, 0.999573, 0.0, 0.0, 0.0, 0.0, 1.0], [0.990618, -0.128419, 0.046741, 0.0, 0.128419, 0.991715, 0.003015, 0.05, -0.046741, 0.003015, 0.998902, 0.0, 0.0, 0.0, 0.0, 1.0], [1.0, 0.0, -0.0, 0.0, -0.0, 0.990695, -0.1361, 0.05, 0.0, 0.1361, 0.990695, 0.0, 0.0, 0.0, 0.0, 1.0], [0.997649, 0.06356, -0.025625, 0.0, -0.063934, 0.997855, -0.014046, 0.05, 0.024678, 0.015651, 0.999573, 0.0, 0.0, 0.0, 0.0, 1.0], [0.990618, 0.128419, -0.046741, 0.0, -0.128419, 0.991715, 0.003015, 0.05, 0.046741, 0.003015, 0.998902, 0.0, 0.0, 0.0, 0.0, 1.0]]}, {"name": "Chest", "time": [0.0, 0.2, 0.3, 0.4, 0.6, 0.7, 0.8],