{"animation": [{"name": "Root", "time": [0.0, 0.1667, 0.3333, 0.4167, 0.5, 0.5667, 1.3333], "transform": [[1.0, 0.0, -0.0, -5e-06, 0.0, -0.173648, -0.984808, -0.486282, -0.0, 0.984808, -0.173648, 0.565806, 0.0, 0.0, 0.0, 1.0], [1.0, 0.0, -0.0, -5e-06, 0.0, -0.939693, -0.34202, -0.726516, -0.0, 0.34202, -0.939693, 0.501141, 0.0, 0.0, 0.0, 1.0], [1.0, 0.0, -0.0, -5e-06, 0.0, -0.99737, 0.072484, -1.076612, -0.0, -0.072484, -0.99737, 0.177083, 0.0, 0.0, 0.0, 1.0], [1.0, 0.0, 0.0, -5e-06, 0.0, -0.998726, -0.050455, -1.139151, 0.0, 0.050455, -0.998726, 0.160392, 0.0, 0.0, 0.0, 1.0], [1.0, 0.0, 0.0, -5e-06, 0.0, -0.998726, -0.050455, -1.139151, 0.0, 0.050455, -0.998726, 0.123936, 0.0, 0.0, 0.0, 1.0], [1.0, 0.0, 0.0, -5e-06, 0.0, -0.998726, -0.050455, -1.139151, 0.0, 0.050455, -0.998726, 0.123936, 0.0, 0.0, 0.0, 1.0], [1.0, 0.0, 0.0, -5e-06, 0.0, -0.998726, -0.050455, -1.139151, 0.0, 0.050455, -0.998726, 0.123936, 0.0, 0.0, 0.0, 1.0]]}, {"name": "Thigh_R", "time": [0.0, 0.1667, 0.3333, 0.4167, 0.5, 0.5667, 1.3333], "transform": [[0.998678, 0.049118, 0.015184, 0.124994, -0.002663, -0.245511, 0.96939, -0.002831, 0.051343, -0.968149, -0.245055, -1.2e-05, 0.0, 0.0, 0.0, 1.0], [0.998677, 0.049118, 0.015184, 0.124994, 0.010716, -0.48772, 0.872934, -0.002831, 0.050283, -0.871617, -0.487602, -1.2e-05, 0.0, 0.0, 0.0, 1.0], [0.998651, 0.051348, -0.007692, 0.124994, 0.048612, -0.872656, 0.48591, -0.002831, 0.018238, -0.485628, -0.873975, -1.2e-05, 0.0, 0.0, 0.0, 1.0], [0.998263, 0.056825, -0.01554, 0.124994, 0.058506, -0.925387, 0.374481, -0.002831, 0.0069, -0.374739, -0.927105, -1.2e-05, 0.0, 0.0, 0.0, 1.0], [0.996956, 0.07118, 0.03181, 0.124994, 0.058763, -0.954171, 0.293437, -0.002831, 0.051239, -0.290675, -0.955449, -1.2e-05, 0.0, 0.0, 0.0, 1.0], [0.996956, 0.07118, 0.03181, 0.124994, 0.0649, -0.983766, 0.167308, -0.002831, 0.043202, -0.164735, -0.985391, -1.2e-05, 0.0, 0.0, 0.0, 1.0], [0.996956, 0.07118, 0.03181, 0.124994, 0.064942, -0.983926, 0.166346, -0.002831, 0.043139, -0.163774, -0.985554, -1.2e-05, 0.0, 0.0, 0.0, 1.0]]}, {"name": "Leg_R", "time": [0.0, 0.1667, 0.3333, 0.4167, 0.5, 0.5667, 1.3333], "transform": [[1.0, 0.0, 2e-06, -0.0, -1e-06, 0.888201, 0.459455, 0.37472, -2e-06, -0.459455, 0.888201, -0.0, 0.0, 0.0, 0.0, 1.0], [1.0, 0.0, 2e-06, -0.0, -1e-06, 0.888201, 0.459455, 0.37472, -2e-06, -0.459455, 0.888201, -0.0, 0.0, 0.0, 0.0, 1.0], [0.999959, -0.003035, 0.008528, -0.0, -0.000557, 0.919682, 0.392662, 0.37472, -0.009035, -0.39265, 0.919644, -0.0, 0.0, 0.0, 0.0, 1.0], [0.999535, -0.000106, -0.03049, -0.0, 0.015369, 0.865416, 0.500817, 0.37472, 0.026334, -0.501053, 0.865016, 0.0, 0.0, 0.0, 0.0, 1.0], [0.998901, 0.031139, -0.035039, 0.0, -0.005413, 0.819099, 0.573627, 0.37472, 0.046562, -0.572806, 0.818368, 0.0, 0.0, 0.0, 0.0, 1.0], [0.999793, 0.010681, -0.017323, 0.0, -0.005816, 0.96566, 0.259743, 0.37472, 0.019503, -0.259588, 0.965523, 0.0, 0.0, 0.0, 0.0, 1.0], [0.999793, 0.010681, -0.017323, 0.0, -0.005816, 0.96566, 0.259743, 0.37472, 0.019503, -0.259588, 0.965523, -0.0, 0.0, 0.0, 0.0, 1.0]]}, {"name": "Knee_R", "time": [0.0, 0.1667, 0.3333, 0.4167, 0.5, 0.5667, 1.3333], "transform": [[1.0, 0.0, -1e-06, -0.0, -1e-06, 0.0, -1.0, 0.37472, -0.0, 1.0, 0.0, -0.0, 0.0, 0.0, 0.0, 1.0], [1.0, 0.0, -1e-06, -0.0, -1e-06, 0.0, -1.0, 0.37472, -0.0, 1.0, 0.0, -0.0, 0.0, 0.0, 0.0, 1.0], [1.0, 0.0, -1e-06, -0.0, -1e-06, 0.0, -1.0, 0.37472, -0.0, 1.0, 0.0, -0.0, 0.0, 0.0, 0.0, 1.0], [1.0, 0.0, -1e-06, -0.0, -1e-06, 0.0, -1.0, 0.37472, -0.0, 1.0, 0.0, 0.0, 0.0, 0.0, 0.0, 1.0], [1.0, 0.0, -1e-06, 0.0, -1e-06, 0.0, -1.0, 0.37472, -0.0, 1.0, 0.0, 0.0, 0.0, 0.0, 0.0, 1.0], [1.0, 0.0, -1e-06, 0.0, -1e-06, 0.0, -1.0, 0.37472, -0.0, 1.0, 0.0, 0.0, 0.0, 0.0, 0.0, 1.0], [1.0, 0.0, -1e-06, 0.0, -1e-06, 0.0, -1.0, 0.37472, -0.0, 1.0, 0.0, -0.0, 0.0, 0.0, 0.0, 1.0]]}, {"name": "Thigh_L", "time": [0.0, 0.1667, 0.3333, 0.4167, 0.5, 0.5667, 1.3333], "transform": [[0.996188, -0.049188, 0.07203, -0.125006, -0.087222, -0.561824, 0.822645, -0.002831, 4e-06, -0.825791, -0.563974, -1.2e-05, 0.0, 0.0, 0.0, 1.0], [0.996189, -0.049188, 0.07203, -0.125006, -0.075535, -0.899449, 0.430444, -0.002831, 0.043615, -0.434244, -0.899739, -1.2e-05, 0.0, 0.0, 0.0, 1.0], [0.999073, -0.043035, -0.000186, -0.125006, -0.042563, -0.988712, 0.143643, -0.002831, -0.006366, -0.143502, -0.98963, -1.2e-05, 0.0, 0.0, 0.0, 1.0], [0.998996, -0.034078, -0.029051, -0.125006, -0.027889, -0.981042, 0.191768, -0.002831, -0.035036, -0.190765, -0.981011, -1.2e-05, 0.0, 0.0, 0.0, 1.0], [0.998898, -0.045632, -0.010969, -0.125006, -0.042387, -0.977522, 0.20652, -0.002831, -0.020147, -0.205827, -0.978381, -1.2e-05, 0.0, 0.0, 0.0, 1.0], [0.998898, -0.045632, -0.010969, -0.125006, -0.045242, -0.998413, 0.033488, -0.002831, -0.01248, -0.032955, -0.999379, -1.2e-05, 0.0, 0.0, 0.0, 1.0], [0.998898, -0.045632, -0.010969, -0.125006, -0.044896, -0.99719, 0.059934, -0.002831, -0.013673, -0.059376, -0.998142, -1.2e-05, 0.0, 0.0, 0.0, 1.0]]}, {"name": "Leg_L", "time": [0.0, 0.1667, 0.3333, 0.4167, 0.5, 0.5667, 1.3333], "transform": [[1.0, -1e-06, 1e-06, 0.0, 0.0, 0.888202, 0.459455, 0.37472, -1e-06, -0.459455, 0.8882, -0.0, 0.0, 0.0, 0.0, 1.0], [0.999741, -0.013316, -0.018468, -0.0, 0.016974, 0.976528, 0.214723, 0.37472, 0.015175, -0.214981, 0.9765, 0.0, 0.0, 0.0, 0.0, 1.0], [0.999937, 0.003984, -0.010503, -0.0, -0.001513, 0.974226, 0.225573, 0.37472, 0.011132, -0.225544, 0.974169, -0.0, 0.0, 0.0, 0.0, 1.0], [0.999812, -0.015468, 0.011684, 0.0, 0.009088, 0.906417, 0.422287, 0.37472, -0.017122, -0.422102, 0.906386, -0.0, 0.0, 0.0, 0.0, 1.0], [0.999794, -0.008907, 0.018259, -0.0, 0.000365, 0.906503, 0.422199, 0.37472, -0.020312, -0.422106, 0.906318, -0.0, 0.0, 0.0, 0.0, 1.0], [1.0, -0.0, 0.0, -0.0, 0.0, 1.000001, 0.0, 0.37472, -1e-06, -0.0, 0.999999, 0.0, 0.0, 0.0, 0.0, 1.0], [1.0, -0.0, 0.0, -0.0, 0.0, 1.000001, 0.0, 0.37472, -1e-06, -0.0, 0.999999, 0.0, 0.0, 0.0, 0.0, 1.0]]}, {"name": "Knee_L", "time": [0.0, 0.1667, 0.3333, 0.4167, 0.5, 0.5667, 1.3333], "transform": [[1.0, -0.0, 0.0, 0.0, 0.0, 0.0, -1.0, 0.37472, 0.0, 1.0, 0.0, -0.0, 0.0, 0.0, 0.0, 1.0], [1.0, -0.0, 0.0, -0.0, 0.0, 0.0, -1.0, 0.37472, 0.0, 1.0, 0.0, 0.0, 0.0, 0.0, 0.0, 1.0], [1.0, -0.0, 0.0, -0.0, 0.0, 0.0, -1.0, 0.37472, 0.0, 1.0, 0.0, -0.0, 0.0, 0.0, 0.0, 1.0], [1.0, -0.0, 0.0, 0.0, 0.0, 0.0, -1.0, 0.37472, 0.0, 1.0, 0.0, -0.0, 0.0, 0.0, 0.0, 1.0], [1.0, -0.0, 0.0, -0.0, 0.0, 0.0, -1.0, 0.37472, 0.0, 1.0, 0.0, -0.0, 0.0, 0.0, 0.0, 1.0], [1.0, -0.0, 0.0, -0.0, 0.0, 0.0, -1.0, 0.37472, 0.0, 1.0, 0.0, 0.0, 0.0, 0.0, 0.0, 1.0], [1.0, -0.0, 0.0, -0.0, 0.0, 0.0, -1.0, 0.37472, 0.0, 1.0, 0.0, 0.0, 0.0, 0.0, 0.0, 1.0]]}, {"name": "Torso", "time": [0.0, 0.1667, 0.3333, 0.4167, 0.5, 0.5667, 1.3333], "transform": [[0.984808, 0.0, -0.173648, -0.0, -0.042294, 0.969885, -0.239864, 0.05, 0.168419, 0.243564, 0.95515, -0.0, 0.0, 0.0, 0.0, 1.0], [1.0, -0.0, 0.0, -0.0, 0.0, 0.993916, 0.110137, 0.05, -0.0, -0.110137, 0.993916, -0.0, 0.0, 0.0, 0.0, 1.0], [1.0, -0.0, 0.0, 0.0, 0.0, 0.984939, -0.172902, 0.05, -0.0, 0.172902, 0.984939, 0.0, 0.0, 0.0, 0.0, 1.0], [1.0, -0.0, 0.0, 0.0, -0.0, 0.968103, 0.250552, 0.05, -0.0, -0.250552, 0.968103, -0.0, 0.0, 0.0, 0.0, 1.0], [1.0, -0.0, -0.0, 0.0, -0.0, 0.999841, -0.017828, 0.05, 0.0, 0.017828, 0.999841, 0.0, 0.0, 0.0, 0.0, 1.0], [1.0, -0.0, -0.0, 0.0, -0.0, 0.999222, -0.039439, 0.05, 0.0, 0.039439, 0.999222, 0.0, 0.0, 0.0, 0.0, 1.0], [1.0, -0.0, -0.0, 0.0, -0.0, 0.999222, -0.039439, 0.05, 0.0, 0.039439, 0.999222, 0.0, 0.0, 0.0, 0.0, 1.0]]}, {"name": "Chest", "time": [0.0, 0.1667, 0.3333, 0.4167, 0.5, 0.5667, 1.3333],