{"animation": [{"name": "Root", "time": [0.0, 0.1, 0.1333, 0.1667, 0.2667, 0.3667, 0.4, 0.4333, 0.5333], "transform": [[1.0, 0.0, 0.0, -0.006877, 0.0, 0.0, -1.0, 0.001276, 0.0, 1.0, 0.0, 0.617412, 0.0, 0.0, 0.0, 1.0], [1.0, 0.0, 0.0, -0.041942, 0.0, 0.0, -1.0, 0.001276, 0.0, 1.0, 0.0, 0.451716, 0.0, 0.0, 0.0, 1.0], [1.0, 0.0, 0.0, -0.049201, 0.0, 0.0, -1.0, 0.001276, 0.0, 1.0, 0.0, 0.417413, 0.0, 0.0, 0.0, 1.0], [1.0, 0.0, 0.0, -0.043898, 0.0, 0.0, -1.0, 0.001276, 0.0, 1.0, 0.0, 0.484749, 0.0, 0.0, 0.0, 1.0], [1.0, 0.0, 0.0, 0.00652, 0.0, 0.0, -1.0, 0.001276, 0.0, 1.0, 0.0, 0.617412, 0.0, 0.0, 0.0, 1.0], [1.0, 0.0, 0.0, 0.041585, 0.0, 0.0, -1.0, 0.001276, 0.0, 1.0, 0.0, 0.451716, 0.0, 0.0, 0.0, 1.0], [1.0, 0.0, 0.0, 0.048844, 0.0, 0.0, -1.0, 0.001276, 0.0, 1.0, 0.0, 0.417413, 0.0, 0.0, 0.0, 1.0], [1.0, 0.0, 0.0, 0.043541, 0.0, 0.0, -1.0, 0.001276, 0.0, 1.0, 0.0, 0.484749, 0.0, 0.0, 0.0, 1.0], [1.0, 0.0, 0.0, -0.006877, 0.0, 0.0, -1.0, 0.001276, 0.0, 1.0, 0.0, 0.617412, 0.0, 0.0, 0.0, 1.0]]}, {"name": "Thigh_R", "time": [0.0, 0.1, 0.1333, 0.1667, 0.2167, 0.2667, 0.3667, 0.4, 0.4333, 0.5333], "transform": [[0.992952, -0.1165, -0.021787, 0.119037, -0.040581, -0.506904, 0.861046, 0.022547, -0.111356, -0.854092, -0.508059, -0.043541, 0.0, 0.0, 0.0, 1.0], [0.998881, -0.045453, 0.013083, 0.122674, -0.020821, -0.17419, 0.984492, 0.039571, -0.042469, -0.983661, -0.174942, -0.050101, 0.0, 0.0, 0.0, 1.0], [0.999734, -0.005421, 0.022393, 0.124722, -0.022591, -0.421499, 0.906548, 0.026919, 0.004525, -0.906812, -0.42151, -0.046229, 0.0, 0.0, 0.0, 1.0], [0.999371, -0.022722, 0.027236, 0.123806, -0.033497, -0.352023, 0.935391, 0.020723, -0.011667, -0.935716, -0.352562, -0.042826, 0.0, 0.0, 0.0, 1.0], [0.994406, -0.100805, 0.031528, 0.120778, -0.094129, -0.710398, 0.697477, 0.006375, -0.047912, -0.696543, -0.715913, -0.021364, 0.0, 0.0, 0.0, 1.0], [0.986517, -0.162625, -0.018346, 0.117979, -0.160297, -0.982772, 0.091997, -0.002187, -0.032991, -0.087816, -0.99559, 0.004026, 0.0, 0.0, 0.0, 1.0], [0.979779, -0.160012, -0.120124, 0.116795, -0.19142, -0.574865, -0.795543, 0.01875, 0.058242, 0.80245, -0.59387, 0.041069, 0.0, 0.0, 0.0, 1.0], [0.973628, -0.159382, -0.163237, 0.116819, -0.22533, -0.783801, -0.57869, 0.008122, -0.035713, 0.60021, -0.799044, 0.030703, 0.0, 0.0, 0.0, 1.0], [0.975973, -0.16172, -0.146022, 0.116703, -0.19948, -0.932777, -0.300221, 0.000564, -0.087654, 0.322136, -0.942627, 0.01647, 0.0, 0.0, 0.0, 1.0], [0.992952, -0.1165, -0.021787, 0.119037, -0.040581, -0.506904, 0.861046, 0.022547, -0.111356, -0.854092, -0.508059, -0.043541, 0.0, 0.0, 0.0, 1.0]]}, {"name": "Leg_R", "time": [0.0, 0.1, 0.1333, 0.1667, 0.2167, 0.2667, 0.3667, 0.4, 0.4333, 0.5333], "transform": [[0.990501, -0.129565, -0.046046, -0.0, -0.042684, -0.608044, 0.792757, 0.37472, -0.130711, -0.783259, -0.6078, -0.0, 0.0, 0.0, 0.0, 1.0], [0.999375, -0.019251, -0.029644, -0.0, 0.032902, 0.813085, 0.581215, 0.37472, 0.012914, -0.581829, 0.813208, -0.0, 0.0, 0.0, 0.0, 1.0], [0.99888, 0.010027, -0.046247, 0.0, 0.015019, 0.859596, 0.510754, 0.37472, 0.044875, -0.510878, 0.85848, 0.0, 0.0, 0.0, 0.0, 1.0], [0.999178, 0.013185, -0.038325, 0.0, 0.023908, 0.571824, 0.820029, 0.37472, 0.032727, -0.820268, 0.571041, -0.0, 0.0, 0.0, 0.0, 1.0], [0.999001, 0.039385, -0.021133, -0.0, 0.003274, 0.40706, 0.913397, 0.37472, 0.044577, -0.912551, 0.406525, -0.0, 0.0, 0.0, 0.0, 1.0], [0.998467, 0.052351, -0.017953, -0.0, -0.017628, 0.608333, 0.793487, 0.37472, 0.052461, -0.791953, 0.608324, -0.0, 0.0, 0.0, 0.0, 1.0], [0.999829, -0.017918, -0.004651, -0.0, 0.018459, 0.945871, 0.324022, 0.37472, -0.001406, -0.324052, 0.946038, 0.0, 0.0, 0.0, 0.0, 1.0], [0.962278, -0.271883, 0.010016, 0.0, 0.044471, 0.193503, 0.980091, 0.37472, -0.268408, -0.942676, 0.198295, -0.0, 0.0, 0.0, 0.0, 1.0], [0.972333, -0.233309, 0.011663, -0.0, 0.036084, 0.199336, 0.979266, 0.37472, -0.230796, -0.951753, 0.202239, -0.0, 0.0, 0.0, 0.0, 1.0], [0.990501, -0.129565, -0.046046, -0.0, -0.042684, -0.608044, 0.792757, 0.37472, -0.130711, -0.783259, -0.6078, -0.0, 0.0, 0.0, 0.0, 1.0]]}, {"name": "Knee_R", "time": [0.0, 0.1, 0.1333, 0.1667, 0.2667, 0.3667, 0.4, 0.4333, 0.5333], "transform": [[1.0, 1e-06, -2e-06, -9.9e-05, -2e-06, -1e-06, -1.0, 0.40892, -1e-06, 1.0, -1e-06, -0.00034, 0.0, 0.0, 0.0, 1.0], [1.0, 1e-06, -2e-06, -0.00015, -2e-06, -1e-06, -1.0, 0.426512, -1e-06, 1.0, -1e-06, -0.000515, 0.0, 0.0, 0.0, 1.0], [1.0, 1e-06, -2e-06, -0.000178, -2e-06, -1e-06, -1.0, 0.436392, -1e-06, 1.0, -1e-06, -0.000613, 0.0, 0.0, 0.0, 1.0], [1.0, 1e-06, -2e-06, -0.000166, -2e-06, -1e-06, -1.0, 0.432043, -1e-06, 1.0, -1e-06, -0.00057, 0.0, 0.0, 0.0, 1.0], [1.0, 1e-06, -2e-06, -7.9e-05, -2e-06, -1e-06, -1.0, 0.402191, -1e-06, 1.0, -1e-06, -0.000273, 0.0, 0.0, 0.0, 1.0], [1.0, 1e-06, -2e-06, -2.8e-05, -2e-06, -1e-06, -1.0, 0.3846, -1e-06, 1.0, -1e-06, -9.8e-05, 0.0, 0.0, 0.0, 1.0], [1.0, 1e-06, -2e-06, 0.0, -2e-06, -1e-06, -1.0, 0.374721, -1e-06, 1.0, -1e-06, -0.0, 0.0, 0.0, 0.0, 1.0], [1.0, 1e-06, -2e-06, -1.2e-05, -2e-06, -1e-06, -1.0, 0.379069, -1e-06, 1.0, -1e-06, -4.3e-05, 0.0, 0.0, 0.0, 1.0], [1.0, 1e-06, -2e-06, -9.9e-05, -2e-06, -1e-06, -1.0, 0.40892, -1e-06, 1.0, -1e-06, -0.00034, 0.0, 0.0, 0.0, 1.0]]}, {"name": "Thigh_L", "time": [0.0, 0.1, 0.1333, 0.1667, 0.2667, 0.3667, 0.4, 0.4333, 0.4833, 0.5333], "transform": [[0.986518, 0.16262, 0.018345, -0.117989, 0.160292, -0.982772, 0.091997, -0.002217, 0.03299, -0.087816, -0.99559, 0.004018, 0.0, 0.0, 0.0, 1.0], [0.979779, 0.160008, 0.120123, -0.116803, 0.191417, -0.574865, -0.795543, 0.018708, -0.058239, 0.80245, -0.59387, 0.041081, 0.0, 0.0, 0.0, 1.0], [0.973628, 0.159378, 0.163236, -0.116826, 0.225326, -0.783801, -0.57869, 0.008073, 0.035714, 0.60021, -0.799044, 0.030695, 0.0, 0.0, 0.0, 1.0], [0.975974, 0.161716, 0.14602, -0.11671, 0.199476, -0.932777, -0.300222, 0.000521, 0.087654, 0.322136, -0.942626, 0.016451, 0.0, 0.0, 0.0, 1.0], [0.992952, 0.116496, 0.021785, -0.119048, 0.040581, -0.506904, 0.861047, 0.022538, 0.111351, -0.854093, -0.50806, -0.043565, 0.0, 0.0, 0.0, 1.0], [0.998881, 0.045449, -0.013086, -0.122687, 0.020823, -0.174191, 0.984492, 0.039567, 0.042465, -0.983661, -0.174942, -0.05011, 0.0, 0.0, 0.0, 1.0], [0.999734, 0.005416, -0.022396, -0.124734, 0.022592, -0.421499, 0.906547, 0.026913, -0.00453, -0.906811, -0.42151, -0.046228, 0.0, 0.0, 0.0, 1.0], [0.999389, 0.022881, -0.026414, -0.123818, 0.033155, -0.381912, 0.923603, 0.020716, 0.011046, -0.923916, -0.382437, -0.042827, 0.0, 0.0, 0.0, 1.0], [0.991899, 0.120323, -0.040727, -0.120276, 0.117722, -0.750243, 0.650596, 0.00621, 0.047727, -0.65012, -0.75833, -0.015229, 0.0, 0.0, 0.0, 1.0], [0.986518, 0.16262, 0.018345, -0.117989, 0.160292, -0.982772, 0.091997, -0.002217, 0.03299, -0.087816, -0.99559, 0.004018, 0.0, 0.0, 0.0, 1.0]]}, {"name": "Leg_L", "time": [0.0, 0.1, 0.1333, 0.1667, 0.2667, 0.3667, 0.4, 0.4333, 0.4833, 0.5333],