{"animation": [{"name": "Root", "time": [0.0, 0.1, 0.2, 0.3, 0.4, 0.5, 0.6], "transform": [[0.999741, -0.022558, -0.002958, -5e-06, 0.002958, 0.257834, -0.966185, 0.000946, 0.022558, 0.965926, 0.257834, 0.753972, 0.0, 0.0, 0.0, 1.0], [0.999232, -0.022558, -0.032035, -5e-06, -0.025144, 0.257834, -0.965862, 0.000946, 0.030047, 0.965926, 0.257069, 0.713972, 0.0, 0.0, 0.0, 1.0], [0.987229, -0.0, -0.159307, -5e-06, -0.153879, 0.258819, -0.95359, 0.000946, 0.041232, 0.965926, 0.255514, 0.533972, 0.0, 0.0, 0.0, 1.0], [0.985067, 0.022558, -0.17069, -5e-06, -0.17069, 0.257834, -0.950992, 0.000946, 0.022558, 0.965926, 0.257834, 0.753972, 0.0, 0.0, 0.0, 1.0], [0.973475, 0.022558, -0.227677, -5e-06, -0.225696, 0.257834, -0.939459, 0.000946, 0.037511, 0.965926, 0.256086, 0.713972, 0.0, 0.0, 0.0, 1.0], [0.994822, -0.0, -0.101635, -5e-06, -0.098172, 0.258819, -0.960924, 0.000946, 0.026305, 0.965926, 0.257479, 0.533972, 0.0, 0.0, 0.0, 1.0], [0.999741, -0.022558, -0.002958, -5e-06, 0.002958, 0.257834, -0.966185, 0.000946, 0.022558, 0.965926, 0.257834, 0.753972, 0.0, 0.0, 0.0, 1.0]]}, {"name": "Thigh_R", "time": [0.0, 0.1, 0.2, 0.3, 0.4, 0.5, 0.6], "transform": [[0.981853, 0.188702, 0.01885, 0.124994, -0.007123, -0.06263, 0.998012, -0.002831, 0.189508, -0.980034, -0.06015, -1.2e-05, 0.0, 0.0, 0.0, 1.0], [0.993352, 0.101134, 0.054986, 0.124994, -0.019738, -0.320949, 0.94689, -0.00283, 0.11341, -0.941682, -0.316818, -1.2e-05, 0.0, 0.0, 0.0, 1.0], [0.991037, 0.099065, 0.089609, 0.124994, -0.060661, -0.263905, 0.962639, -0.002831, 0.119012, -0.959448, -0.255531, -1.2e-05, 0.0, 0.0, 0.0, 1.0], [0.997328, 0.065128, -0.033104, 0.124994, 0.058664, -0.983961, -0.168455, -0.002831, -0.043544, 0.166063, -0.985154, -1.2e-05, 0.0, 0.0, 0.0, 1.0], [0.992719, 0.119488, 0.015194, 0.124994, 0.113041, -0.880652, -0.460078, -0.002831, -0.041593, 0.458445, -0.887748, -1.2e-05, 0.0, 0.0, 0.0, 1.0], [0.997353, 0.060426, 0.040434, 0.124994, 0.061198, -0.997951, -0.0181, -0.002831, 0.039256, 0.020527, -0.999008, -1.2e-05, 0.0, 0.0, 0.0, 1.0], [0.981853, 0.188702, 0.01885, 0.124994, -0.007123, -0.06263, 0.998012, -0.002831, 0.189508, -0.980034, -0.06015, -1.2e-05, 0.0, 0.0, 0.0, 1.0]]}, {"name": "Leg_R", "time": [0.0, 0.1, 0.2, 0.3, 0.4, 0.5, 0.6], "transform": [[0.999523, -0.008748, -0.029618, 0.0, 0.029395, -0.024575, 0.999265, 0.37472, -0.009469, -0.999661, -0.024306, -0.0, 0.0, 0.0, 0.0, 1.0], [0.999951, -0.006355, -0.007538, 0.0, 0.008722, 0.926646, 0.37583, 0.37472, 0.004597, -0.375877, 0.926658, -0.0, 0.0, 0.0, 0.0, 1.0], [0.999873, -0.002284, -0.015808, 0.0, 0.014401, 0.556993, 0.830391, 0.37472, 0.006909, -0.830513, 0.556955, 0.0, 0.0, 0.0, 0.0, 1.0], [0.999739, -0.022148, -0.005647, 0.0, 0.022042, 0.86883, 0.49462, 0.37472, -0.006048, -0.494614, 0.869092, 0.0, 0.0, 0.0, 0.0, 1.0], [0.999901, 0.007393, -0.012015, -0.0, 0.008722, 0.345388, 0.93842, 0.37472, 0.011087, -0.938431, 0.345289, 0.0, 0.0, 0.0, 0.0, 1.0], [0.999069, 0.037907, -0.020573, 0.0, 0.01932, 0.033135, 0.999265, 0.37472, 0.038561, -0.998731, 0.032372, -0.0, 0.0, 0.0, 0.0, 1.0], [0.999523, -0.008748, -0.029618, 0.0, 0.029395, -0.024575, 0.999265, 0.37472, -0.009469, -0.999661, -0.024306, -0.0, 0.0, 0.0, 0.0, 1.0]]}, {"name": "Knee_R", "time": [0.0, 0.1, 0.2, 0.3, 0.4, 0.5, 0.6], "transform": [[0.999859, -0.010611, -0.012971, 0.0, -0.001466, 0.715672, -0.698436, 0.37472, 0.016694, 0.698356, 0.715555, -0.0, 0.0, 0.0, 0.0, 1.0], [0.999988, -0.003541, -0.003468, 0.0, -0.002725, 0.19148, -0.981493, 0.37472, 0.004139, 0.98149, 0.191468, -0.0, 0.0, 0.0, 0.0, 1.0], [0.999966, -0.003115, -0.007624, 0.0, -0.005261, 0.470635, -0.882312, 0.37472, 0.006337, 0.882322, 0.470603, 0.0, 0.0, 0.0, 0.0, 1.0], [0.999933, -0.011441, -0.001388, 0.0, 0.001585, 0.255842, -0.966718, 0.37472, 0.011415, 0.966651, 0.255843, 0.0, 0.0, 0.0, 0.0, 1.0], [0.999973, 0.001812, -0.007174, -0.0, -0.006921, 0.572109, -0.820148, 0.37472, 0.002618, 0.820175, 0.572106, 0.0, 0.0, 0.0, 0.0, 1.0], [0.99973, 0.014798, -0.017965, 0.0, -0.023201, 0.695187, -0.718455, 0.37472, 0.001857, 0.718677, 0.695342, -0.0, 0.0, 0.0, 0.0, 1.0], [0.999859, -0.010611, -0.012971, 0.0, -0.001466, 0.715672, -0.698436, 0.37472, 0.016694, 0.698356, 0.715555, -0.0, 0.0, 0.0, 0.0, 1.0]]}, {"name": "Thigh_L", "time": [0.0, 0.1, 0.2, 0.3, 0.4, 0.5, 0.6], "transform": [[0.985087, -0.038941, 0.167591, -0.125006, -0.002094, -0.976693, -0.214632, -0.002831, 0.172043, 0.21108, -0.96221, -1.2e-05, 0.0, 0.0, 0.0, 1.0], [0.989181, -0.080564, 0.122596, -0.125006, -0.021642, -0.906702, -0.421216, -0.00283, 0.145092, 0.414005, -0.898637, -1.2e-05, 0.0, 0.0, 0.0, 1.0], [0.995893, 0.080621, 0.041169, -0.125006, 0.078945, -0.996041, 0.040852, -0.002831, 0.044299, -0.037434, -0.998317, -1.2e-05, 0.0, 0.0, 0.0, 1.0], [0.988145, -0.151311, -0.025997, -0.125006, 0.030543, 0.027801, 0.999147, -0.002831, -0.150459, -0.988094, 0.032093, -1.2e-05, 0.0, 0.0, 0.0, 1.0], [0.983309, -0.177542, -0.039765, -0.125006, -0.014108, -0.292303, 0.956221, -0.002831, -0.181393, -0.9397, -0.289929, -1.2e-05, 0.0, 0.0, 0.0, 1.0], [0.999803, -0.007777, 0.018249, -0.125006, -0.019599, -0.2451, 0.969301, -0.00283, -0.003066, -0.969467, -0.245204, -1.2e-05, 0.0, 0.0, 0.0, 1.0], [0.985087, -0.038941, 0.167591, -0.125006, -0.002094, -0.976693, -0.214632, -0.002831, 0.172043, 0.21108, -0.96221, -1.2e-05, 0.0, 0.0, 0.0, 1.0]]}, {"name": "Leg_L", "time": [0.0, 0.1, 0.2, 0.3, 0.4, 0.5, 0.6], "transform": [[0.999916, 0.004602, 0.012125, -0.0, -0.010472, 0.838013, 0.545547, 0.37472, -0.00765, -0.545627, 0.837994, -0.0, 0.0, 0.0, 0.0, 1.0], [0.999991, 0.004255, -0.000464, -0.0, -0.00097, 0.330914, 0.94366, 0.37472, 0.004169, -0.943651, 0.330915, 0.0, 0.0, 0.0, 0.0, 1.0], [0.999548, 0.028917, -0.008242, -0.0, 0.008722, -0.016494, 0.999826, 0.37472, 0.028777, -0.999446, -0.016738, -0.0, 0.0, 0.0, 0.0, 1.0], [0.998618, 0.024528, 0.046499, 0.0, -0.044215, -0.086629, 0.995259, 0.37472, 0.02844, -0.995939, -0.085424, 0.0, 0.0, 0.0, 0.0, 1.0], [0.999748, 0.021726, 0.005602, 0.0, -0.02221, 0.922901, 0.384395, 0.37472, 0.003181, -0.384423, 0.923151, -0.0, 0.0, 0.0, 0.0, 1.0], [0.99991, -0.001687, 0.0133, -0.0, -0.010234, 0.544786, 0.838513, 0.37472, -0.00866, -0.838574, 0.544719, -0.0, 0.0, 0.0, 0.0, 1.0], [0.999916, 0.004602, 0.012125, -0.0, -0.010472, 0.838013, 0.545547, 0.37472, -0.00765, -0.545627, 0.837994, -0.0, 0.0, 0.0, 0.0, 1.0]]}, {"name": "Knee_L", "time": [0.0, 0.1, 0.2, 0.3, 0.4, 0.5, 0.6], "transform": [[0.999979, 0.003183, 0.005726, -0.0, 0.004584, 0.284576, -0.958643, 0.37472, -0.004681, 0.958648, 0.284555, -0.0, 0.0, 0.0, 0.0, 1.0], [0.999997, 0.002055, -0.000911, -0.0, -0.001932, 0.578394, -0.815755, 0.37472, -0.001149, 0.815755, 0.578397, 0.0, 0.0, 0.0, 0.0, 1.0], [0.999867, 0.012734, -0.010184, -0.0, -0.01622, 0.712823, -0.701157, 0.37472, -0.00167, 0.701228, 0.712934, -0.0, 0.0, 0.0, 0.0, 1.0], [0.999587, 0.022497, 0.01786, 0.0, -0.004501, 0.736762, -0.676138, 0.37472, -0.028369, 0.675777, 0.736559, 0.0, 0.0, 0.0, 0.0, 1.0], [0.999937, 0.011141, 0.001724, 0.0, -0.000494, 0.196025, -0.980599, 0.37472, -0.011263, 0.980536, 0.196018, -0.0, 0.0, 0.0, 0.0, 1.0], [0.999976, 0.000846, 0.006863, -0.0, 0.005628, 0.477085, -0.878839, 0.37472, -0.004018, 0.878856, 0.477069, -0.0, 0.0, 0.0, 0.0, 1.0], [0.999979, 0.003183, 0.005726, -0.0, 0.004584, 0.284576, -0.958643, 0.37472, -0.004681, 0.958648, 0.284555, -0.0, 0.0, 0.0, 0.0, 1.0]]}, {"name": "Torso", "time": [0.0, 0.1, 0.2, 0.3, 0.4, 0.5, 0.6],