{"animation": [{"name": "Root", "time": [0.0, 0.1667, 0.3333, 0.5, 0.6667, 0.8333, 1.0], "transform": [[0.707107, 0.0, -0.707107, 1.7e-05, -0.707107, 0.0, -0.707107, 0.000905, 0.0, 1.0, 0.0, 0.724156, 0.0, 0.0, 0.0, 1.0], [0.707107, 0.0, -0.707107, 1.7e-05, -0.707107, 0.0, -0.707107, 0.000905, 0.0, 1.0, 0.0, 0.694959, 0.0, 0.0, 0.0, 1.0], [0.707107, 0.0, -0.707107, 1.7e-05, -0.707107, 0.0, -0.707107, 0.000905, 0.0, 1.0, 0.0, 0.707631, 0.0, 0.0, 0.0, 1.0], [0.707107, 0.0, -0.707107, 1.7e-05, -0.707107, 0.0, -0.707107, 0.000905, 0.0, 1.0, 0.0, 0.736007, 0.0, 0.0, 0.0, 1.0], [0.707107, 0.0, -0.707107, 1.7e-05, -0.707107, 0.0, -0.707107, 0.000905, 0.0, 1.0, 0.0, 0.690674, 0.0, 0.0, 0.0, 1.0], [0.707107, 0.0, -0.707107, 1.7e-05, -0.707107, 0.0, -0.707107, 0.000905, 0.0, 1.0, 0.0, 0.707397, 0.0, 0.0, 0.0, 1.0], [0.707107, 0.0, -0.707107, 1.7e-05, -0.707107, 0.0, -0.707107, 0.000905, 0.0, 1.0, 0.0, 0.724156, 0.0, 0.0, 0.0, 1.0]]}, {"name": "Thigh_R", "time": [0.0, 0.1667, 0.3333, 0.5, 0.6667, 0.8333, 1.0], "transform": [[0.798127, 0.14589, 0.58456, 0.131197, -0.005995, -0.968267, 0.24984, -0.011507, 0.60246, -0.202908, -0.771927, 0.011752, 0.0, 0.0, 0.0, 1.0], [0.787934, 0.231776, 0.570474, 0.131197, 0.215922, -0.971626, 0.096531, -0.011507, 0.576661, 0.047117, -0.815624, 0.011752, 0.0, 0.0, 0.0, 1.0], [0.786, 0.416094, 0.457242, 0.131197, 0.291902, -0.901748, 0.318819, -0.011507, 0.544975, -0.117122, -0.830232, 0.011752, 0.0, 0.0, 0.0, 1.0], [0.998492, 0.038942, -0.038706, 0.106169, 0.054881, -0.728901, 0.682416, -0.011507, -0.001638, -0.683511, -0.729939, -0.013276, 0.0, 0.0, 0.0, 1.0], [0.791436, -0.287433, -0.539456, 0.081141, 0.095783, -0.813322, 0.573877, -0.011507, -0.603701, -0.505857, -0.616161, -0.038304, 0.0, 0.0, 0.0, 1.0], [0.993488, -0.109882, -0.030153, 0.081141, -0.097783, -0.958037, 0.269452, -0.011507, -0.058495, -0.264749, -0.962543, -0.038304, 0.0, 0.0, 0.0, 1.0], [0.798127, 0.14589, 0.58456, 0.131197, -0.005995, -0.968267, 0.24984, -0.011507, 0.60246, -0.202908, -0.771927, 0.011752, 0.0, 0.0, 0.0, 1.0]]}, {"name": "Leg_R", "time": [0.0, 0.1667, 0.3333, 0.5, 0.6667, 0.8333, 1.0], "transform": [[0.998019, -0.062602, -0.006233, -0.0, 0.054516, 0.811141, 0.582307, 0.37472, -0.031398, -0.5815, 0.812939, 0.0, 0.0, 0.0, 0.0, 1.0], [0.999347, 0.032058, -0.016685, 0.0, -0.0232, 0.923059, 0.383963, 0.37472, 0.02771, -0.383326, 0.923197, -0.0, 0.0, 0.0, 0.0, 1.0], [0.989537, 0.141065, 0.030272, 0.0, -0.100422, 0.522772, 0.846537, 0.37472, 0.103591, -0.84072, 0.531468, 0.0, 0.0, 0.0, 0.0, 1.0], [0.9985, 0.027855, 0.047128, 0.0, -0.053402, 0.306132, 0.95049, 0.37472, 0.012049, -0.951581, 0.307161, 0.0, 0.0, 0.0, 0.0, 1.0], [0.990218, -0.07106, 0.12007, -0.0, 0.01149, 0.89919, 0.437406, 0.37472, -0.139048, -0.431747, 0.891212, 0.0, 0.0, 0.0, 0.0, 1.0], [0.999999, 0.0, 1e-06, 0.0, -0.0, 0.999999, 0.0, 0.37472, -1e-06, -0.0, 1.0, 0.0, 0.0, 0.0, 0.0, 1.0], [0.998019, -0.062602, -0.006233, -0.0, 0.054516, 0.811141, 0.582307, 0.37472, -0.031398, -0.5815, 0.812939, 0.0, 0.0, 0.0, 0.0, 1.0]]}, {"name": "Knee_R", "time": [0.0, 0.1667, 0.3333, 0.5, 0.6667, 0.8333, 1.0], "transform": [[1.0, 0.0, -1e-06, 0.0, -1e-06, 0.0, -1.0, 0.374721, -0.0, 1.0, 0.0, -0.0, 0.0, 0.0, 0.0, 1.0], [1.0, 0.0, -1e-06, 0.0, -1e-06, 0.0, -1.0, 0.374721, -0.0, 1.0, 0.0, -0.0, 0.0, 0.0, 0.0, 1.0], [1.0, 0.0, -1e-06, 0.0, -1e-06, 0.0, -1.0, 0.374721, -0.0, 1.0, 0.0, -0.0, 0.0, 0.0, 0.0, 1.0], [1.0, 0.0, -1e-06, 0.0, -1e-06, 0.0, -1.0, 0.374721, -0.0, 1.0, 0.0, -0.0, 0.0, 0.0, 0.0, 1.0], [1.0, 0.0, -1e-06, 0.0, -1e-06, 0.0, -1.0, 0.374721, -0.0, 1.0, 0.0, -0.0, 0.0, 0.0, 0.0, 1.0], [1.0, 0.0, -1e-06, 0.0, -1e-06, 0.0, -1.0, 0.374721, -0.0, 1.0, 0.0, -0.0, 0.0, 0.0, 0.0, 1.0], [1.0, 0.0, -1e-06, 0.0, -1e-06, 0.0, -1.0, 0.374721, -0.0, 1.0, 0.0, -0.0, 0.0, 0.0, 0.0, 1.0]]}, {"name": "Thigh_L", "time": [0.0, 0.1667, 0.3333, 0.5, 0.6667, 0.8333, 1.0], "transform": [[0.718564, -0.174573, -0.673194, -0.130601, 0.021188, -0.962038, 0.272093, 0.008167, -0.695138, -0.20978, -0.687587, -0.020976, 0.0, 0.0, 0.0, 1.0], [0.72146, -0.282976, -0.631996, -0.130601, 0.006056, -0.910075, 0.414399, 0.008167, -0.692429, -0.3028, -0.654869, -0.020976, 0.0, 0.0, 0.0, 1.0], [0.718142, -0.18647, -0.670448, -0.130601, -0.008599, -0.965736, 0.259386, 0.008167, -0.695843, -0.180511, -0.695138, -0.020976, 0.0, 0.0, 0.0, 1.0], [0.716941, 0.078584, -0.69269, -0.107207, -0.008488, -0.992569, -0.121389, 0.008167, -0.697082, 0.092909, -0.710947, 0.002417, 0.0, 0.0, 0.0, 1.0], [0.715892, 0.362978, -0.596444, -0.083813, -0.006076, -0.850976, -0.52517, 0.008167, -0.698184, 0.379589, -0.607001, 0.025811, 0.0, 0.0, 0.0, 1.0], [0.714999, 0.205561, -0.668223, -0.083813, -0.003599, -0.954703, -0.29754, 0.008167, -0.699117, 0.215145, -0.681872, 0.025811, 0.0, 0.0, 0.0, 1.0], [0.718564, -0.174573, -0.673194, -0.130601, 0.021188, -0.962038, 0.272093, 0.008167, -0.695138, -0.20978, -0.687587, -0.020976, 0.0, 0.0, 0.0, 1.0]]}, {"name": "Leg_L", "time": [0.0, 0.1667, 0.3333, 0.5, 0.6667, 0.8333, 1.0], "transform": [[0.997951, -0.055175, -0.032368, 0.0, 0.054983, 0.481244, 0.87486, 0.37472, -0.032694, -0.874848, 0.483292, 0.0, 0.0, 0.0, 0.0, 1.0], [0.99902, -0.043934, -0.005509, -0.0, 0.039636, 0.831863, 0.553563, 0.37472, -0.019737, -0.553238, 0.832788, -0.0, 0.0, 0.0, 0.0, 1.0], [0.999857, -0.01566, 0.006429, -0.0, 0.014219, 0.982998, 0.183065, 0.37472, -0.009186, -0.182947, 0.98308, -0.0, 0.0, 0.0, 0.0, 1.0], [0.999967, -0.005432, 0.006141, -0.0, 0.004629, 0.992281, 0.123927, 0.37472, -0.006767, -0.123894, 0.992273, 0.0, 0.0, 0.0, 0.0, 1.0], [0.999982, -3.8e-05, 0.00598, 0.0, 1e-05, 0.99999, 0.004653, 0.37472, -0.00598, -0.004653, 0.999972, 0.0, 0.0, 0.0, 0.0, 1.0], [0.999978, -0.00515, 0.00411, -0.0, 0.001586, 0.793525, 0.608536, 0.37472, -0.006395, -0.608517, 0.793516, -0.0, 0.0, 0.0, 0.0, 1.0], [0.997951, -0.055175, -0.032368, 0.0, 0.054983, 0.481244, 0.87486, 0.37472, -0.032694, -0.874848, 0.483292, 0.0, 0.0, 0.0, 0.0, 1.0]]}, {"name": "Knee_L", "time": [0.0, 0.1667, 0.3333, 0.5, 0.6667, 0.8333, 1.0], "transform": [[1.0, 0.0, -1e-06, 0.0, -1e-06, 0.0, -1.0, 0.37472, -0.0, 1.0, 0.0, 0.0, 0.0, 0.0, 0.0, 1.0], [1.0, 0.0, -1e-06, 0.0, -1e-06, 0.0, -1.0, 0.37472, -0.0, 1.0, 0.0, -0.0, 0.0, 0.0, 0.0, 1.0], [1.0, 0.0, -1e-06, 0.0, -1e-06, 0.0, -1.0, 0.37472, -0.0, 1.0, 0.0, 0.0, 0.0, 0.0, 0.0, 1.0], [1.0, 0.0, -1e-06, 0.0, -1e-06, 0.0, -1.0, 0.37472, -0.0, 1.0, 0.0, 0.0, 0.0, 0.0, 0.0, 1.0], [1.0, 0.0, -1e-06, 0.0, -1e-06, 0.0, -1.0, 0.37472, -0.0, 1.0, 0.0, 0.0, 0.0, 0.0, 0.0, 1.0], [1.0, 0.0, -1e-06, 0.0, -1e-06, -0.0, -1.0, 0.37472, -0.0, 1.0, 0.0, -0.0, 0.0, 0.0, 0.0, 1.0], [1.0, 0.0, -1e-06, 0.0, -1e-06, 0.0, -1.0, 0.37472, -0.0, 1.0, 0.0, 0.0, 0.0, 0.0, 0.0, 1.0]]}, {"name": "Torso", "time": [0.0, 0.1667, 0.3333, 0.6667, 0.8333, 1.0], "transform": [[0.975942, -0.152227, 0.156088, -0.0, 0.152664, 0.988235, 0.009258, 0.05, -0.155661, 0.014794, 0.9877, 0.0, 0.0, 0.0, 0.0, 1.0], [0.978809, -0.149901, -0.139507, -0.0, 0.152664, 0.988235, 0.009258, 0.05, 0.136478, -0.03036, 0.990178, 0.0, 0.0, 0.0, 0.0, 1.0], [0.978809, -0.149901, -0.139507, -0.0, 0.152664, 0.988235, 0.009258, 0.05, 0.136478, -0.03036, 0.990178, 0.0, 0.0, 0.0, 0.0, 1.0], [0.898899, -0.142744, 0.414252, -0.0, 0.152664, 0.988235, 0.009258, 0.05, -0.4107, 0.054919, 0.910115, 0.0, 0.0, 0.0, 0.0, 1.0], [0.898899, -0.142744, 0.414252, -0.0, 0.152664, 0.988235, 0.009258, 0.05, -0.4107, 0.054919, 0.910115, 0.0, 0.0, 0.0, 0.0, 1.0], [0.975942, -0.152227, 0.156088, -0.0, 0.152664, 0.988235, 0.009258, 0.05, -0.155661, 0.014794, 0.9877, 0.0, 0.0, 0.0, 0.0, 1.0]]}, {"name": "Chest", "time": [0.0, 0.1667, 0.3333, 0.6667, 0.8333, 1.0],