{

    "animation": [
        {
            "name": "Root",
            "time": [0.0, 0.05, 0.1, 0.2, 0.4],
            "transform": [
                [0.160882, -0.007623, -0.986944, -5e-06, -0.939361, 0.305654, -0.155487, -0.000581, 0.302848, 0.952112, 0.042013, 0.435077, 0.0, 0.0, 0.0, 1.0],
                [0.672612, -0.097551, -0.733538, -5e-06, -0.63913, 0.423036, -0.642303, 0.200295, 0.37297, 0.900846, 0.222191, 0.406314, 0.0, 0.0, 0.0, 1.0],
                [0.994124, -0.050686, -0.095646, -5e-06, -0.07021, 0.370602, -0.926134, 0.800946, 0.082389, 0.927408, 0.364866, 0.513346, 0.0, 0.0, 0.0, 1.0],
                [0.793311, -0.156016, 0.588487, -5e-06, 0.603672, 0.326981, -0.727093, 0.800946, -0.078986, 0.932064, 0.35358, 0.716653, 0.0, 0.0, 0.0, 1.0],
                [0.312092, 0.003757, 0.950044, -5e-06, 0.934933, 0.176478, -0.307826, 0.800946, -0.168818, 0.984297, 0.051565, 0.596428, 0.0, 0.0, 0.0, 1.0]
            ]
        },
        {
            "name": "Thigh_R",
            "time": [0.0, 0.05, 0.1, 0.2, 0.4],
            "transform": [
                [0.974668, 0.193826, -0.111208, 0.124994, 0.187474, -0.438459, 0.878945, -0.00283, 0.121605, -0.877568, -0.463709, -1.2e-05, 0.0, 0.0, 0.0, 1.0],
                [0.861771, 0.431942, -0.265891, 0.124994, 0.501755, -0.802721, 0.322175, -0.00283, -0.07428, -0.41107, -0.908523, -1.2e-05, 0.0, 0.0, 0.0, 1.0],
                [0.979602, 0.184052, -0.080365, 0.124994, 0.183484, -0.982853, -0.014551, -0.00283, -0.081674, -0.000492, -0.996598, -1.2e-05, 0.0, 0.0, 0.0, 1.0],
                [0.993577, 0.007098, -0.112922, 0.126574, 0.013894, -0.998011, 0.059511, -0.021472, -0.1123, -0.060697, -0.991698, -0.007084, 0.0, 0.0, 0.0, 1.0],
                [0.996376, -0.026892, -0.080665, 0.124994, -0.027344, -0.999522, -0.004474, -0.00283, -0.080521, 0.006663, -0.996637, -1.2e-05, 0.0, 0.0, 0.0, 1.0]
            ]
        },
        {
            "name": "Leg_R",
            "time": [0.0, 0.05, 0.1, 0.2, 0.4],
            "transform": [
                [0.99689, -0.068834, 0.038269, 0.0, 0.010395, 0.596665, 0.802437, 0.37472, -0.078067, -0.799539, 0.595534, -0.0, 0.0, 0.0, 0.0, 1.0],
                [0.998546, -0.052423, 0.012709, 0.0, 0.033342, 0.785041, 0.618554, 0.37472, -0.042403, -0.617227, 0.785649, -0.0, 0.0, 0.0, 0.0, 1.0],
                [0.999613, -0.006536, -0.027365, -0.0, 0.020877, 0.824336, 0.565718, 0.37472, 0.018861, -0.566065, 0.824145, -0.0, 0.0, 0.0, 0.0, 1.0],
                [0.99713, 0.018608, -0.073627, 0.0, 0.01813, 0.883157, 0.468722, 0.37472, 0.073748, -0.468707, 0.880262, 0.0, 0.0, 0.0, 0.0, 1.0],
                [0.998142, -0.001346, -0.061172, 0.0, 0.052306, 0.537542, 0.841608, 0.37472, 0.03175, -0.84323, 0.536606, 0.0, 0.0, 0.0, 0.0, 1.0]
            ]
        },
        {
            "name": "Knee_R",
            "time": [0.0, 0.1, 0.2, 0.4],
            "transform": [
                [0.99918, -0.029899, 0.027311, 0.0, 0.037823, 0.448147, -0.893159, 0.37472, 0.014465, 0.89346, 0.448911, -0.0, 0.0, 0.0, 0.0, 1.0],
                [0.999898, -0.00534, -0.013194, -0.0, -0.011019, 0.296325, -0.955024, 0.37472, 0.00901, 0.955072, 0.296236, -0.0, 0.0, 0.0, 0.0, 1.0],
                [0.999267, 0.004788, -0.037989, 0.0, -0.038019, 0.241704, -0.969605, 0.37472, 0.00454, 0.970338, 0.241709, 0.0, 0.0, 0.0, 0.0, 1.0],
                [0.999501, -0.008512, -0.030432, 0.0, -0.022592, 0.480835, -0.87652, 0.37472, 0.022095, 0.87677, 0.480403, 0.0, 0.0, 0.0, 0.0, 1.0]
            ]
        },
        {
            "name": "Thigh_L",
            "time": [0.0, 0.05, 0.1, 0.2, 0.4],
            "transform": [
                [0.799267, -0.520375, 0.300578, -0.125006, -0.599816, -0.721471, 0.345926, -0.00283, 0.036847, -0.456787, -0.888794, -1.2e-05, 0.0, 0.0, 0.0, 1.0],
                [0.514684, -0.380711, 0.768195, -0.125006, -0.84218, -0.056653, 0.536177, -0.00283, -0.16061, -0.922937, -0.349792, -1.2e-05, 0.0, 0.0, 0.0, 1.0],
                [0.989739, -0.120356, -0.076737, -0.125006, 0.019665, -0.417497, 0.908447, -0.00283, -0.141376, -0.900654, -0.410855, -1.2e-05, 0.0, 0.0, 0.0, 1.0],
                [0.991942, -0.073062, -0.103283, -0.123426, 0.040483, -0.59014, 0.806266, -0.021472, -0.11986, -0.803968, -0.58244, -0.007083, 0.0, 0.0, 0.0, 1.0],
                [0.993035, -0.103546, 0.055596, -0.125006, -0.112373, -0.697878, 0.707303, -0.00283, -0.034437, -0.708643, -0.704678, -1.2e-05, 0.0, 0.0, 0.0, 1.0]
            ]
        },
        {
            "name": "Leg_L",
            "time": [0.0, 0.05, 0.1, 0.2, 0.4],
            "transform": [
                [0.990781, -0.133086, 0.025323, -0.0, -0.035975, -0.07825, 0.996288, 0.37472, -0.13061, -0.98801, -0.082317, -0.0, 0.0, 0.0, 0.0, 1.0],
                [0.986303, -0.163599, 0.021047, 0.0, -0.005344, 0.095839, 0.995384, 0.37472, -0.16486, -0.981863, 0.093652, 0.0, 0.0, 0.0, 0.0, 1.0],
                [0.998936, -0.045847, -0.005316, 0.0, 0.006395, 0.023423, 0.999706, 0.37472, -0.045709, -0.998677, 0.023691, -0.0, 0.0, 0.0, 0.0, 1.0],
                [0.997315, 0.057074, -0.0459, 0.0, -0.007907, 0.706943, 0.707229, 0.37472, 0.072813, -0.704967, 0.705496, -0.0, 0.0, 0.0, 0.0, 1.0],
                [0.994807, 0.096829, -0.031411, -0.0, -0.028089, 0.557691, 0.829577, 0.37472, 0.097844, -0.824381, 0.557516, 0.0, 0.0, 0.0, 0.0, 1.0]
            ]
        },
        {
            "name": "Knee_L",
            "time": [0.0, 0.1, 0.2, 0.4],
            "transform": [
                [0.997251, -0.061101, 0.041929, -0.0, 0.07333, 0.732141, -0.677195, 0.37472, 0.01068, 0.678407, 0.734608, -0.0, 0.0, 0.0, 0.0, 1.0],
                [0.999689, -0.02401, 0.006681, 0.0, 0.021554, 0.698388, -0.715394, 0.37472, 0.012511, 0.715316, 0.698689, -0.0, 0.0, 0.0, 0.0, 1.0],
                [0.999302, 0.023987, -0.028648, 0.0, -0.035645, 0.382094, -0.923436, 0.37472, -0.011204, 0.923812, 0.382682, -0.0, 0.0, 0.0, 0.0, 1.0],
                [0.99862, 0.044551, -0.027823, -0.0, -0.045475, 0.468247, -0.882428, 0.37472, -0.026285, 0.882474, 0.469625, 0.0, 0.0, 0.0, 0.0, 1.0]
            ]
        },
        {
            "name": "Torso",
            "time": [0.0, 0.05, 0.1, 0.2, 0.4],
            "transform": [
                [0.989477, -0.132787, -0.05747, -0.0, 0.116071, 0.965609, -0.232651, 0.05, 0.086387, 0.223532, 0.970861, 0.0, 0.0, 0.0, 0.0, 1.0],
                [0.997947, 0.046128, 0.044424, -0.0, -0.06356, 0.798221, 0.599002, 0.05, -0.007829, -0.600596, 0.799514, 0.0, 0.0, 0.0, 0.0, 1.0],
                [0.997254, -0.072181, -0.016561, -0.0, 0.072054, 0.997368, -0.00812, 0.05, 0.017104, 0.006904, 0.99983, 0.0, 0.0, 0.0, 0.0, 1.0],
                [0.992056, -0.039566, 0.119413, -0.0, 0.043781, 0.9985, -0.032885, 0.05, -0.117933, 0.037852, 0.9923, 0.0, 0.0, 0.0, 0.0, 1.0],
                [0.998862, -0.042541, 0.021554, -0.0, 0.040532, 0.995441, 0.086336, 0.05, -0.025129, -0.085364, 0.996033, -0.0, 0.0, 0.0, 0.0, 1.0]
            ]
        },
        {
            "name": "Chest",
            "time": [0.0, 0.05, 0.1, 0.2, 0.4],
            "transform": [
                [0.982672, 0.038446, -0.181324, 0.0, 0.13956, 0.490318, 0.860297, 0.3, 0.121981, -0.870695, 0.476456, -0.0, 0.0, 0.0, 0.0, 1.0],
                [0.965964, 0.030447, 0.256877, 0.0, -0.062334, 0.991183, 0.116919, 0.3, -0.251052, -0.128952, 0.959346, -0.0, 0.0, 0.0, 0.0, 1.0],
                [0.51587, -0.00036, 0.856667, -0.0, 0.032635, 0.999282, -0.019233, 0.3, -0.856045, 0.037879, 0.515511, 0.0, 0.0, 0.0, 0.0, 1.0],
                [0.807134, -0.087729, 0.583813, 0.0, 0.093679, 0.9954, 0.020065, 0.3, -0.582888, 0.038496, 0.81164, -0.0, 0.0, 0.0, 0.0, 1.0],
                [0.808019, -0.036493, 0.588025, -0.0, 0.03634, 0.999266, 0.012079, 0.3, -0.588034, 0.011609, 0.808753, -0.0, 0.0, 0.0, 0.0, 1.0]
            ]
        },
        {
            "name": "Head",
            "time": [0.0, 0.1, 0.2, 0.4],