{

    "animation": [
        {
            "name": "Root",
            "time": [0.0, 0.0667, 0.1167, 0.2, 0.4],
            "transform": [
                [-0.171127, 0.065705, 0.983056, -5e-06, 0.983693, 0.067457, 0.166729, 0.000946, -0.055359, 0.995556, -0.076177, 0.596258, 0.0, 0.0, 0.0, 1.0],
                [0.011056, 0.060595, 0.998101, -5e-06, 0.9879, 0.153762, -0.020278, 0.300946, -0.154699, 0.986248, -0.058161, 0.473972, 0.0, 0.0, 0.0, 1.0],
                [0.721731, 0.068379, 0.688788, -5e-06, 0.664644, 0.209388, -0.71722, 0.700946, -0.193267, 0.975439, 0.105674, 0.413972, 0.0, 0.0, 0.0, 1.0],
                [0.990029, 0.117239, -0.078092, -5e-06, -0.104752, 0.242086, -0.964583, 0.700946, -0.094182, 0.963146, 0.251953, 0.413972, 0.0, 0.0, 0.0, 1.0],
                [0.921833, -0.020087, -0.387066, -5e-06, -0.374889, 0.207319, -0.903591, 0.700946, 0.098397, 0.978067, 0.183583, 0.473972, 0.0, 0.0, 0.0, 1.0]
            ]
        },
        {
            "name": "Thigh_R",
            "time": [0.0, 0.0667, 0.1167, 0.2, 0.4],
            "transform": [
                [0.985168, -0.015318, 0.170908, 0.124994, 0.014289, -0.985225, -0.170669, -0.002831, 0.170997, 0.170579, -0.970393, -1.2e-05, 0.0, 0.0, 0.0, 1.0],
                [0.650842, 0.759131, 0.011115, 0.124994, 0.759157, -0.650902, 0.002611, -0.002831, 0.009217, 0.006739, -0.999933, -1.2e-05, 0.0, 0.0, 0.0, 1.0],
                [0.74026, 0.433136, -0.514204, 0.124994, 0.662187, -0.337469, 0.669041, -0.00283, 0.116257, -0.835767, -0.536631, -1.2e-05, 0.0, 0.0, 0.0, 1.0],
                [0.943257, 0.07525, -0.323422, 0.124994, 0.313782, 0.116698, 0.942296, -0.002831, 0.108651, -0.990311, 0.086464, -1.2e-05, 0.0, 0.0, 0.0, 1.0],
                [0.999734, -0.014054, -0.018309, 0.124994, 0.015363, -0.186776, 0.982283, -0.002831, -0.017225, -0.982303, -0.18651, -1.2e-05, 0.0, 0.0, 0.0, 1.0]
            ]
        },
        {
            "name": "Leg_R",
            "time": [0.0, 0.0667, 0.1167, 0.2, 0.4],
            "transform": [
                [0.997072, -0.05354, -0.054597, 0.0, 0.076465, 0.703837, 0.706233, 0.37472, 0.000615, -0.70834, 0.70587, 0.0, 0.0, 0.0, 0.0, 1.0],
                [0.995639, 0.003942, -0.093183, 0.0, 0.076676, 0.534212, 0.841863, 0.37472, 0.053099, -0.845339, 0.531581, -0.0, 0.0, 0.0, 0.0, 1.0],
                [0.983586, 0.176664, -0.036661, -0.0, 0.054078, -0.094805, 0.994025, 0.37472, 0.172132, -0.979694, -0.102803, -0.0, 0.0, 0.0, 0.0, 1.0],
                [0.997242, 0.060278, -0.043208, 0.0, 0.038531, 0.076715, 0.996306, 0.37472, 0.06337, -0.995229, 0.074181, -0.0, 0.0, 0.0, 0.0, 1.0],
                [0.998609, -0.051677, -0.010258, -0.0, 0.031118, 0.421418, 0.906334, 0.37472, -0.042513, -0.905393, 0.422441, 0.0, 0.0, 0.0, 0.0, 1.0]
            ]
        },
        {
            "name": "Knee_R",
            "time": [0.0, 0.0667, 0.1167, 0.2, 0.4],
            "transform": [
                [0.999239, -0.032235, -0.02198, 0.0, -0.007944, 0.383474, -0.923517, 0.37472, 0.038198, 0.922989, 0.382926, 0.0, 0.0, 0.0, 0.0, 1.0],
                [0.998837, -0.010032, -0.047152, 0.0, -0.036463, 0.482607, -0.875077, 0.37472, 0.031535, 0.875779, 0.481681, -0.0, 0.0, 0.0, 0.0, 1.0],
                [0.99508, 0.080448, -0.057819, -0.0, -0.098426, 0.736297, -0.669461, 0.37472, -0.011285, 0.671861, 0.740592, -0.0, 0.0, 0.0, 0.0, 1.0],
                [0.999205, 0.021679, -0.033454, 0.0, -0.039274, 0.679248, -0.732858, 0.37472, 0.006836, 0.733588, 0.679558, -0.0, 0.0, 0.0, 0.0, 1.0],
                [0.999624, -0.02734, 0.002402, -0.0, 0.016718, 0.537171, -0.843308, 0.37472, 0.021765, 0.84303, 0.537426, 0.0, 0.0, 0.0, 0.0, 1.0]
            ]
        },
        {
            "name": "Thigh_L",
            "time": [0.0, 0.0667, 0.1167, 0.2, 0.4],
            "transform": [
                [0.946079, -0.218845, 0.238833, -0.125006, -0.315417, -0.790318, 0.52527, -0.002831, 0.073801, -0.572279, -0.816731, -1.2e-05, 0.0, 0.0, 0.0, 1.0],
                [0.830699, -0.546652, 0.105407, -0.125006, -0.504543, -0.659198, 0.557579, -0.002831, -0.235318, -0.516363, -0.823405, -1.2e-05, 0.0, 0.0, 0.0, 1.0],
                [0.814539, -0.564085, 0.135223, -0.125006, -0.580047, -0.790086, 0.198139, -0.00283, -0.00493, -0.23984, -0.97075, -1.2e-05, 0.0, 0.0, 0.0, 1.0],
                [0.994044, -0.107401, -0.018581, -0.125006, -0.108891, -0.971062, -0.212567, -0.002831, 0.004786, 0.213325, -0.97697, -1.2e-05, 0.0, 0.0, 0.0, 1.0],
                [0.960583, -0.185886, -0.206719, -0.125006, -0.211544, -0.971197, -0.109684, -0.002831, -0.180376, 0.14909, -0.972234, -1.2e-05, 0.0, 0.0, 0.0, 1.0]
            ]
        },
        {
            "name": "Leg_L",
            "time": [0.0, 0.0667, 0.1167, 0.2, 0.4],
            "transform": [
                [0.996177, 0.086027, -0.015107, -0.0, -0.071027, 0.898539, 0.433105, 0.37472, 0.050833, -0.430377, 0.901216, 0.0, 0.0, 0.0, 0.0, 1.0],
                [0.99215, -0.038727, 0.118877, 0.0, -0.026727, 0.863138, 0.504257, 0.37472, -0.122135, -0.503477, 0.855331, -0.0, 0.0, 0.0, 0.0, 1.0],
                [0.997737, 0.029745, 0.060225, 0.0, -0.066461, 0.567106, 0.820945, 0.37472, -0.009735, -0.823122, 0.567782, 0.0, 0.0, 0.0, 0.0, 1.0],
                [0.997794, 0.066161, -0.005052, -0.0, -0.046473, 0.751157, 0.658484, 0.37472, 0.047361, -0.6568, 0.752574, -0.0, 0.0, 0.0, 0.0, 1.0],
                [0.994847, 0.100671, -0.011988, -0.0, -0.04869, 0.578149, 0.814476, 0.37472, 0.088925, -0.809697, 0.58007, 0.0, 0.0, 0.0, 0.0, 1.0]
            ]
        },
        {
            "name": "Knee_L",
            "time": [0.0, 0.0667, 0.1167, 0.2, 0.4],
            "transform": [
                [0.999032, 0.042205, -0.0124, -0.0, -0.021448, 0.221253, -0.97498, 0.37472, -0.038405, 0.974303, 0.221944, 0.0, 0.0, 0.0, 0.0, 1.0],
                [0.998002, -0.01145, 0.062142, 0.0, 0.062972, 0.261475, -0.963154, 0.37472, -0.005221, 0.965142, 0.261674, -0.0, 0.0, 0.0, 0.0, 1.0],
                [0.999401, 0.022309, 0.026459, 0.0, 0.013065, 0.464731, -0.885349, 0.37472, -0.032048, 0.885175, 0.464167, 0.0, 0.0, 0.0, 0.0, 1.0],
                [0.999431, 0.03264, -0.008542, -0.0, -0.019472, 0.351232, -0.936086, 0.37472, -0.027553, 0.93572, 0.351667, -0.0, 0.0, 0.0, 0.0, 1.0],
                [0.998635, 0.048941, -0.018228, -0.0, -0.038606, 0.456704, -0.88878, 0.37472, -0.035173, 0.888271, 0.457971, 0.0, 0.0, 0.0, 0.0, 1.0]
            ]
        },
        {
            "name": "Torso",
            "time": [0.0, 0.0667, 0.0833, 0.1167, 0.2, 0.4],
            "transform": [
                [0.997621, 0.067949, -0.011649, -0.0, -0.068127, 0.997555, -0.015617, 0.05, 0.010559, 0.016373, 0.999811, -0.0, 0.0, 0.0, 0.0, 1.0],
                [0.899764, 0.434101, 0.044525, 0.0, -0.419852, 0.888983, -0.182849, 0.05, -0.118957, 0.145827, 0.982132, 0.0, 0.0, 0.0, 0.0, 1.0],
                [0.96182, 0.273511, 0.009727, 0.0, -0.268618, 0.950226, -0.157844, 0.05, -0.052415, 0.149205, 0.987416, 0.0, 0.0, 0.0, 0.0, 1.0],
                [0.913333, 0.404363, 0.048098, -0.0, -0.392729, 0.843458, 0.366528, 0.05, 0.107642, -0.353651, 0.929163, 0.0, 0.0, 0.0, 0.0, 1.0],
                [0.999826, 0.017411, 0.006636, -0.0, -0.018586, 0.906629, 0.42152, 0.05, 0.001323, -0.42157, 0.906795, 0.0, 0.0, 0.0, 0.0, 1.0],
                [0.976224, -0.212937, 0.040564, 0.0, 0.190525, 0.932135, 0.307936, 0.05, -0.103382, -0.292886, 0.950541, 0.0, 0.0, 0.0, 0.0, 1.0]
            ]
        },
        {
            "name": "Chest",
            "time": [0.0, 0.0333, 0.0667, 0.0833, 0.1167, 0.2, 0.4],