{

    "animation": [
        {
            "name": "Root",
            "time": [0.0, 0.05, 0.1, 0.2, 0.4],
            "transform": [
                [-0.555604, 0.020512, 0.831194, -5e-06, 0.799946, 0.285756, 0.527664, 0.000946, -0.226695, 0.958083, -0.175175, 0.562498, 0.0, 0.0, 0.0, 1.0],
                [-0.991217, -0.024571, -0.129945, -5e-06, -0.12766, 0.434334, 0.89166, 0.531916, 0.034531, 0.900417, -0.433656, 0.386029, 0.0, 0.0, 0.0, 1.0],
                [-0.040142, -0.011551, -0.999127, -5e-06, -0.985818, 0.163523, 0.037717, 1.600946, 0.162944, 0.986472, -0.017951, 0.416389, 0.0, 0.0, 0.0, 1.0],
                [0.555538, 0.001785, -0.831489, -5e-06, -0.822104, 0.151014, -0.548944, 1.600946, 0.124586, 0.98853, 0.085362, 0.409963, 0.0, 0.0, 0.0, 1.0],
                [0.848196, 0.007367, -0.529631, -5e-06, -0.524662, 0.149023, -0.838166, 1.600946, 0.072752, 0.988806, 0.130266, 0.41175, 0.0, 0.0, 0.0, 1.0]
            ]
        },
        {
            "name": "Thigh_R",
            "time": [0.0, 0.05, 0.1, 0.2, 0.4],
            "transform": [
                [0.975146, 0.192645, -0.109057, 0.124994, 0.203876, -0.973431, 0.10329, -0.00283, -0.086271, -0.122952, -0.988535, -1.2e-05, 0.0, 0.0, 0.0, 1.0],
                [0.933275, 0.247333, -0.259742, 0.124994, 0.35388, -0.752848, 0.554742, -0.00283, -0.058361, -0.609704, -0.790304, -1.2e-05, 0.0, 0.0, 0.0, 1.0],
                [0.816297, 0.571346, -0.084524, 0.124994, 0.575074, -0.817603, 0.0272, -0.002831, -0.053569, -0.070814, -0.996007, -1.2e-05, 0.0, 0.0, 0.0, 1.0],
                [0.912604, 0.393554, 0.110263, 0.124994, 0.406812, -0.900738, -0.151773, -0.00283, 0.039544, 0.183384, -0.982172, -1.2e-05, 0.0, 0.0, 0.0, 1.0],
                [0.940712, 0.266324, 0.210083, 0.124994, 0.309228, -0.927878, -0.208386, -0.002831, 0.139433, 0.260995, -0.95522, -1.2e-05, 0.0, 0.0, 0.0, 1.0]
            ]
        },
        {
            "name": "Leg_R",
            "time": [0.0, 0.05, 0.1, 0.2, 0.4],
            "transform": [
                [0.992405, -0.100073, -0.072143, -0.0, 0.091043, 0.199375, 0.975662, 0.37472, -0.083261, -0.974778, 0.206962, -0.0, 0.0, 0.0, 0.0, 1.0],
                [0.993057, -0.086661, -0.079895, 0.0, 0.061463, -0.197725, 0.978275, 0.37472, -0.100583, -0.976431, -0.191007, -0.0, 0.0, 0.0, 0.0, 1.0],
                [0.99867, -0.049918, -0.013989, 0.0, 0.037429, 0.507551, 0.860798, 0.37472, -0.03587, -0.860172, 0.508732, -0.0, 0.0, 0.0, 0.0, 1.0],
                [0.991895, -0.127076, -0.001826, -0.0, 0.070866, 0.541104, 0.837961, 0.37472, -0.105498, -0.831298, 0.54572, 0.0, 0.0, 0.0, 0.0, 1.0],
                [0.988936, -0.148221, 0.005669, -0.0, 0.074851, 0.531671, 0.843637, 0.37472, -0.128059, -0.83388, 0.536884, 0.0, 0.0, 0.0, 0.0, 1.0]
            ]
        },
        {
            "name": "Knee_R",
            "time": [0.0, 0.1, 0.2, 0.4],
            "transform": [
                [0.997848, -0.062966, -0.018313, -0.0, 0.025478, 0.629562, -0.776524, 0.37472, 0.060426, 0.774403, 0.629812, -0.0, 0.0, 0.0, 0.0, 1.0],
                [0.99964, -0.02682, -0.000377, 0.0, 0.012967, 0.495488, -0.868517, 0.37472, 0.023481, 0.868201, 0.495659, -0.0, 0.0, 0.0, 0.0, 1.0],
                [0.99784, -0.063891, 0.015242, -0.0, 0.04383, 0.474793, -0.879008, 0.37472, 0.048917, 0.877779, 0.47656, 0.0, 0.0, 0.0, 0.0, 1.0],
                [0.997049, -0.073571, 0.021909, -0.0, 0.054558, 0.478384, -0.876455, 0.37472, 0.054, 0.875064, 0.480986, 0.0, 0.0, 0.0, 0.0, 1.0]
            ]
        },
        {
            "name": "Thigh_L",
            "time": [0.0, 0.05, 0.1, 0.2, 0.4],
            "transform": [
                [0.982616, -0.156006, -0.100415, -0.125006, -0.075152, -0.829532, 0.553353, -0.00283, -0.169625, -0.536199, -0.826854, -1.2e-05, 0.0, 0.0, 0.0, 1.0],
                [0.972946, -0.174828, 0.150526, -0.125006, -0.229778, -0.676221, 0.699899, -0.002831, -0.02057, -0.715561, -0.698173, -1.2e-05, 0.0, 0.0, 0.0, 1.0],
                [0.917606, -0.195591, 0.34601, -0.125006, -0.370552, -0.106102, 0.922724, -0.002831, -0.143765, -0.974918, -0.169837, -1.2e-05, 0.0, 0.0, 0.0, 1.0],
                [0.990985, -0.099961, 0.089166, -0.125006, -0.093657, -0.041173, 0.99475, -0.002831, -0.095765, -0.994137, -0.050164, -1.2e-05, 0.0, 0.0, 0.0, 1.0],
                [0.998437, -0.055811, 0.002032, -0.125006, -0.003147, -0.019898, 0.999797, -0.002831, -0.055759, -0.998243, -0.020043, -1.2e-05, 0.0, 0.0, 0.0, 1.0]
            ]
        },
        {
            "name": "Leg_L",
            "time": [0.0, 0.05, 0.1, 0.2, 0.4],
            "transform": [
                [0.999899, -0.011389, 0.008631, -0.0, 0.008725, 0.964914, 0.262432, 0.37472, -0.011317, -0.26233, 0.964912, 0.0, 0.0, 0.0, 0.0, 1.0],
                [0.999504, -0.017696, 0.026081, -0.0, -0.004232, 0.744657, 0.667433, 0.37472, -0.031232, -0.667204, 0.74422, -0.0, 0.0, 0.0, 0.0, 1.0],
                [0.996667, -0.051127, 0.063569, 0.0, -0.065584, -0.038758, 0.997094, 0.37472, -0.048515, -0.997939, -0.041982, 0.0, 0.0, 0.0, 0.0, 1.0],
                [0.993686, 0.022131, 0.109996, -0.0, -0.110132, 0.004995, 0.993903, 0.37472, 0.021447, -0.999742, 0.007401, 0.0, 0.0, 0.0, 0.0, 1.0],
                [0.982043, 0.113958, 0.150342, -0.0, -0.162577, 0.106968, 0.980879, 0.37472, 0.095697, -0.987708, 0.123574, 0.0, 0.0, 0.0, 0.0, 1.0]
            ]
        },
        {
            "name": "Knee_L",
            "time": [0.0, 0.1, 0.2, 0.4],
            "transform": [
                [0.999974, -0.005408, 0.004692, -0.0, 0.005367, 0.132347, -0.991189, 0.37472, 0.004739, 0.991189, 0.132372, 0.0, 0.0, 0.0, 0.0, 1.0],
                [0.999015, -0.01202, 0.04271, 0.0, 0.038261, 0.720789, -0.692101, 0.37472, -0.022466, 0.693052, 0.720535, 0.0, 0.0, 0.0, 0.0, 1.0],
                [0.998152, 0.033813, 0.050495, -0.0, 0.01202, 0.704647, -0.709457, 0.37472, -0.059571, 0.708752, 0.702938, 0.0, 0.0, 0.0, 0.0, 1.0],
                [0.994851, 0.085985, 0.053642, -0.0, -0.016908, 0.662701, -0.748693, 0.37472, -0.099925, 0.743931, 0.660744, 0.0, 0.0, 0.0, 0.0, 1.0]
            ]
        },
        {
            "name": "Torso",
            "time": [0.0, 0.05, 0.1, 0.2, 0.4],
            "transform": [
                [0.994881, 0.055173, 0.084665, 0.0, -0.030272, 0.962046, -0.271204, 0.05, -0.096414, 0.267253, 0.958791, 0.0, 0.0, 0.0, 0.0, 1.0],
                [0.999229, 0.016234, 0.035742, 0.0, -0.007979, 0.975471, -0.219982, 0.05, -0.038437, 0.219528, 0.974849, 0.0, 0.0, 0.0, 0.0, 1.0],
                [0.979516, -0.197531, 0.039126, 0.0, 0.133565, 0.782725, 0.607867, 0.05, -0.150698, -0.590189, 0.793074, -0.0, 0.0, 0.0, 0.0, 1.0],
                [0.988589, -0.136651, -0.06339, -0.0, 0.149312, 0.944615, 0.292247, 0.05, 0.019943, -0.298377, 0.95424, 0.0, 0.0, 0.0, 0.0, 1.0],
                [0.983223, -0.177065, 0.043828, -0.0, 0.112942, 0.779625, 0.615978, 0.05, -0.143238, -0.600693, 0.786544, 0.0, 0.0, 0.0, 0.0, 1.0]
            ]
        },
        {
            "name": "Chest",
            "time": [0.0, 0.05, 0.1, 0.2, 0.4],
            "transform": [
                [0.774727, -0.051524, 0.630193, 0.0, -0.235756, 0.901264, 0.363514, 0.3, -0.5867, -0.430196, 0.686086, 0.0, 0.0, 0.0, 0.0, 1.0],
                [0.88804, -0.03766, -0.458221, -0.0, 0.305437, 0.79325, 0.526747, 0.3, 0.343646, -0.60773, 0.715941, -0.0, 0.0, 0.0, 0.0, 1.0],
                [0.807383, 0.07438, 0.585319, -0.0, -0.137619, 0.9884, 0.064229, 0.3, -0.573753, -0.132409, 0.808254, -0.0, 0.0, 0.0, 0.0, 1.0],
                [0.899762, 0.014269, 0.436147, 0.0, -0.242227, 0.847681, 0.471976, 0.3, -0.362979, -0.530314, 0.766167, 0.0, 0.0, 0.0, 0.0, 1.0],
                [0.889719, 0.115439, 0.441671, 0.0, -0.179524, 0.978024, 0.106016, 0.3, -0.419727, -0.173616, 0.89089, 0.0, 0.0, 0.0, 0.0, 1.0]
            ]
        },
        {
            "name": "Head",
            "time": [0.0, 0.1, 0.2, 0.4],