{

    "animation": [
        {
            "name": "Root",
            "time": [0.0, 0.0333, 0.05, 0.0667, 0.3333, 0.5],
            "transform": [
                [0.968429, -0.0, 0.249291, -5e-06, 0.24869, 0.069404, -0.966093, -0.000652, -0.017302, 0.997589, 0.067213, 0.580729, 0.0, 0.0, 0.0, 1.0],
                [0.99986, -0.006389, -0.015494, -5e-06, -0.015095, 0.058318, -0.998184, 0.07422, 0.007281, 0.998278, 0.058214, 0.500552, 0.0, 0.0, 0.0, 1.0],
                [0.888584, -0.023381, -0.458117, -5e-06, -0.456865, 0.044446, -0.888425, 0.386526, 0.041134, 0.998738, 0.028813, 0.550286, 0.0, 0.0, 0.0, 1.0],
                [0.561889, -0.046525, -0.825903, -5e-06, -0.825112, 0.039581, -0.563581, 0.700946, 0.058911, 0.998133, -0.016148, 0.60002, 0.0, 0.0, 0.0, 1.0],
                [0.455303, -0.036766, -0.889577, -5e-06, -0.889191, 0.031887, -0.456424, 0.700946, 0.045147, 0.998815, -0.018174, 0.667054, 0.0, 0.0, 0.0, 1.0],
                [0.455303, -0.036766, -0.889577, -5e-06, -0.889191, 0.031887, -0.456424, 0.700946, 0.045147, 0.998815, -0.018174, 0.667054, 0.0, 0.0, 0.0, 1.0]
            ]
        },
        {
            "name": "Thigh_R",
            "time": [0.0, 0.0333, 0.0667, 0.3333, 0.5],
            "transform": [
                [0.989532, 0.054011, -0.133822, 0.124994, 0.141918, -0.532434, 0.834475, -0.002831, -0.026181, -0.844735, -0.534524, -1.3e-05, 0.0, 0.0, 0.0, 1.0],
                [0.987792, -0.071947, -0.13816, 0.124994, 0.099559, -0.390545, 0.91517, -0.002831, -0.119805, -0.917754, -0.378615, -1.3e-05, 0.0, 0.0, 0.0, 1.0],
                [0.914998, 0.40316, 0.015522, 0.124994, 0.386668, -0.887252, 0.251541, -0.002831, 0.115184, -0.224157, -0.967722, -1.2e-05, 0.0, 0.0, 0.0, 1.0],
                [0.948951, 0.28505, -0.135051, 0.124993, 0.315273, -0.870432, 0.378087, -0.00283, -0.009779, -0.401363, -0.915866, -1.2e-05, 0.0, 0.0, 0.0, 1.0],
                [0.948951, 0.28505, -0.135051, 0.124993, 0.315273, -0.870432, 0.378087, -0.00283, -0.009779, -0.401363, -0.915866, -1.2e-05, 0.0, 0.0, 0.0, 1.0]
            ]
        },
        {
            "name": "Leg_R",
            "time": [0.0, 0.0333, 0.0667, 0.3333, 0.5],
            "transform": [
                [0.999497, 0.022413, -0.022493, -0.0, 0.008719, 0.487422, 0.873124, 0.37472, 0.030533, -0.872878, 0.486982, -0.0, 0.0, 0.0, 0.0, 1.0],
                [0.99951, -0.017709, -0.025841, 0.0, 0.028066, 0.139737, 0.989787, 0.37472, -0.013917, -0.990032, 0.140165, 0.0, 0.0, 0.0, 0.0, 1.0],
                [0.984771, 0.101619, -0.141068, 0.0, 0.008591, 0.781966, 0.623262, 0.37472, 0.173646, -0.614982, 0.769184, 0.0, 0.0, 0.0, 0.0, 1.0],
                [0.979347, 0.024596, -0.200687, 0.0, 0.103573, 0.791423, 0.602431, 0.37472, 0.173645, -0.610774, 0.77253, 0.0, 0.0, 0.0, 0.0, 1.0],
                [0.979347, 0.024596, -0.200687, 0.0, 0.103573, 0.791423, 0.602431, 0.37472, 0.173645, -0.610774, 0.77253, 0.0, 0.0, 0.0, 0.0, 1.0]
            ]
        },
        {
            "name": "Knee_R",
            "time": [0.0, 0.0333, 0.0667, 0.3333, 0.5],
            "transform": [
                [0.999864, 0.008153, -0.0143, -0.0, -0.016459, 0.506202, -0.862256, 0.37472, 0.000209, 0.862376, 0.506268, -0.0, 0.0, 0.0, 0.0, 1.0],
                [0.999861, -0.01368, -0.009618, 0.0, 0.001709, 0.655704, -0.755016, 0.37472, 0.016635, 0.754894, 0.655636, 0.0, 0.0, 0.0, 0.0, 1.0],
                [0.996075, 0.038939, -0.07949, 0.0, -0.087886, 0.328184, -0.940517, 0.37472, -0.010536, 0.943811, 0.330318, 0.0, 0.0, 0.0, 0.0, 1.0],
                [0.99468, -0.00447, -0.102919, 0.0, -0.095955, 0.323332, -0.941408, 0.37472, 0.037485, 0.946275, 0.321182, 0.0, 0.0, 0.0, 0.0, 1.0],
                [0.99468, -0.00447, -0.102919, 0.0, -0.095955, 0.323332, -0.941408, 0.37472, 0.037485, 0.946275, 0.321182, 0.0, 0.0, 0.0, 0.0, 1.0]
            ]
        },
        {
            "name": "Thigh_L",
            "time": [0.0, 0.0333, 0.0667, 0.3333, 0.5],
            "transform": [
                [0.872879, -0.377124, -0.309611, -0.125006, -0.261106, -0.897054, 0.356534, -0.002831, -0.412196, -0.23037, -0.881489, -1.2e-05, 0.0, 0.0, 0.0, 1.0],
                [0.891684, -0.352625, -0.283825, -0.125006, -0.328186, -0.935462, 0.131168, -0.002831, -0.31176, -0.023813, -0.949862, -1.2e-05, 0.0, 0.0, 0.0, 1.0],
                [0.887772, -0.457457, 0.050915, -0.125006, -0.406431, -0.727177, 0.553199, -0.00283, -0.21604, -0.511809, -0.831492, -1.2e-05, 0.0, 0.0, 0.0, 1.0],
                [0.892069, -0.409249, 0.191645, -0.125005, -0.441674, -0.8793, 0.1782, -0.00283, 0.095586, -0.243611, -0.965151, -1.1e-05, 0.0, 0.0, 0.0, 1.0],
                [0.892069, -0.409249, 0.191645, -0.125005, -0.441674, -0.8793, 0.1782, -0.00283, 0.095586, -0.243611, -0.965151, -1.1e-05, 0.0, 0.0, 0.0, 1.0]
            ]
        },
        {
            "name": "Leg_L",
            "time": [0.0, 0.0333, 0.0667, 0.3333, 0.5],
            "transform": [
                [0.98477, -0.15316, 0.08228, 0.0, 0.008592, 0.515541, 0.856822, 0.37472, -0.173649, -0.843065, 0.509006, 0.0, 0.0, 0.0, 0.0, 1.0],
                [0.99302, -0.095889, 0.068682, -0.0, -0.021892, 0.422346, 0.906171, 0.37472, -0.1159, -0.901348, 0.417299, 0.0, 0.0, 0.0, 0.0, 1.0],
                [0.999782, 0.018424, 0.009844, 0.0, -0.016955, 0.440489, 0.897598, 0.37472, 0.012201, -0.897569, 0.440705, -0.0, 0.0, 0.0, 0.0, 1.0],
                [0.998452, 0.045746, 0.031642, 0.0, -0.055585, 0.799632, 0.597912, 0.37472, 0.00205, -0.598746, 0.800936, 0.0, 0.0, 0.0, 0.0, 1.0],
                [0.998452, 0.045746, 0.031642, 0.0, -0.055585, 0.799632, 0.597912, 0.37472, 0.00205, -0.598746, 0.800936, 0.0, 0.0, 0.0, 0.0, 1.0]
            ]
        },
        {
            "name": "Knee_L",
            "time": [0.0, 0.0333, 0.0667, 0.3333, 0.5],
            "transform": [
                [0.995922, -0.065975, 0.061532, 0.0, 0.085996, 0.488114, -0.868533, 0.37472, 0.027267, 0.870283, 0.491798, 0.0, 0.0, 0.0, 0.0, 1.0],
                [0.998105, -0.037972, 0.048423, -0.0, 0.061244, 0.536323, -0.841788, 0.37472, 0.005993, 0.843158, 0.537632, 0.0, 0.0, 0.0, 0.0, 1.0],
                [0.999941, 0.010622, 0.002285, 0.0, -0.003678, 0.528814, -0.84873, 0.37472, -0.010223, 0.848672, 0.528822, -0.0, 0.0, 0.0, 0.0, 1.0],
                [0.999603, 0.025445, 0.01212, 0.0, 0.003474, 0.315498, -0.94892, 0.37472, -0.027969, 0.948585, 0.315284, 0.0, 0.0, 0.0, 0.0, 1.0],
                [0.999603, 0.025445, 0.01212, 0.0, 0.003474, 0.315498, -0.94892, 0.37472, -0.027969, 0.948585, 0.315284, 0.0, 0.0, 0.0, 0.0, 1.0]
            ]
        },
        {
            "name": "Torso",
            "time": [0.0, 0.0333, 0.05, 0.0667, 0.3333, 0.5],
            "transform": [
                [0.997355, 0.015819, 0.070944, 0.0, -0.027919, 0.984533, 0.172963, 0.05, -0.067111, -0.174486, 0.98237, -0.0, 0.0, 0.0, 0.0, 1.0],
                [0.996788, 0.00709, 0.079771, 0.0, -0.030782, 0.953475, 0.299895, 0.05, -0.073934, -0.301387, 0.950631, -0.0, 0.0, 0.0, 0.0, 1.0],
                [0.991165, 0.075506, 0.109043, 0.0, -0.094689, 0.978518, 0.183128, 0.05, -0.092874, -0.191835, 0.977023, -0.0, 0.0, 0.0, 0.0, 1.0],
                [0.99439, -0.005331, 0.105641, 0.0, 0.005306, 0.999986, 0.000519, 0.05, -0.105642, 4.4e-05, 0.994404, -0.0, 0.0, 0.0, 0.0, 1.0],
                [0.998531, -0.042623, -0.033442, 0.0, 0.046213, 0.992269, 0.115179, 0.05, 0.028275, -0.116555, 0.992782, -0.0, 0.0, 0.0, 0.0, 1.0],
                [0.998531, -0.042623, -0.033442, 0.0, 0.046213, 0.992269, 0.115179, 0.05, 0.028275, -0.116555, 0.992782, -0.0, 0.0, 0.0, 0.0, 1.0]
            ]
        },
        {
            "name": "Chest",
            "time": [0.0, 0.0333, 0.05, 0.0667, 0.3333, 0.5],