{

    "animation": [
        {
            "name": "Root",
            "time": [0.0, 0.0333, 0.0667, 0.3333, 0.5],
            "transform": [
                [0.609364, -0.0, -0.792891, -5e-06, -0.792891, 0.0, -0.609364, 0.000946, 0.0, 1.0, -0.0, 0.597904, 0.0, 0.0, 0.0, 1.0],
                [0.779559, 0.022178, -0.625936, -5e-06, -0.626321, 0.032745, -0.778877, 0.128409, 0.003223, 0.999218, 0.039417, 0.56566, 0.0, 0.0, 0.0, 1.0],
                [0.870909, -0.0, 0.491445, -5e-06, 0.479924, 0.21526, -0.850492, 0.701992, -0.105788, 0.976557, 0.187472, 0.640562, 0.0, 0.0, 0.0, 1.0],
                [0.968429, -0.0, 0.249291, -5e-06, 0.24869, 0.069404, -0.966093, 0.700946, -0.017302, 0.997589, 0.067213, 0.680729, 0.0, 0.0, 0.0, 1.0],
                [0.968429, -0.0, 0.249291, -5e-06, 0.24869, 0.069404, -0.966093, 0.700946, -0.017302, 0.997589, 0.067213, 0.680729, 0.0, 0.0, 0.0, 1.0]
            ]
        },
        {
            "name": "Thigh_R",
            "time": [0.0, 0.0333, 0.0667, 0.3333, 0.5],
            "transform": [
                [0.876568, 0.477501, -0.060195, 0.124994, 0.46847, -0.817873, 0.334099, -0.002831, 0.110301, -0.32106, -0.940614, -1.2e-05, 0.0, 0.0, 0.0, 1.0],
                [0.925022, 0.348582, -0.151012, 0.124994, 0.378421, -0.810448, 0.447156, -0.00283, 0.03347, -0.470775, -0.881602, -1.2e-05, 0.0, 0.0, 0.0, 1.0],
                [0.957235, 0.227099, -0.179238, 0.124994, 0.27967, -0.567767, 0.774224, -0.002831, 0.074061, -0.791242, -0.606999, -1.2e-05, 0.0, 0.0, 0.0, 1.0],
                [0.984082, 0.125512, -0.12581, 0.124994, 0.177594, -0.668842, 0.72188, -0.002831, 0.006457, -0.732732, -0.680485, -1.3e-05, 0.0, 0.0, 0.0, 1.0],
                [0.984082, 0.125512, -0.12581, 0.124994, 0.177594, -0.668842, 0.72188, -0.002831, 0.006457, -0.732732, -0.680485, -1.3e-05, 0.0, 0.0, 0.0, 1.0]
            ]
        },
        {
            "name": "Leg_R",
            "time": [0.0, 0.0333, 0.0667, 0.3333, 0.5],
            "transform": [
                [0.999962, -0.005818, -0.006532, 0.0, 0.008723, 0.719618, 0.694315, 0.37472, 0.000661, -0.694346, 0.719641, 0.0, 0.0, 0.0, 0.0, 1.0],
                [0.999741, 0.010055, -0.020419, -0.0, 0.014228, 0.424107, 0.905501, 0.37472, 0.017764, -0.905557, 0.423853, -0.0, 0.0, 0.0, 0.0, 1.0],
                [0.999676, -0.023851, -0.008847, -0.0, 0.021937, 0.632161, 0.774527, 0.37472, -0.01288, -0.77447, 0.63248, 0.0, 0.0, 0.0, 0.0, 1.0],
                [0.999962, -0.006234, -0.006101, 0.0, 0.008723, 0.714167, 0.699921, 0.37472, -6e-06, -0.699947, 0.714194, 0.0, 0.0, 0.0, 0.0, 1.0],
                [0.999962, -0.006234, -0.006101, 0.0, 0.008723, 0.714167, 0.699921, 0.37472, -6e-06, -0.699947, 0.714194, 0.0, 0.0, 0.0, 0.0, 1.0]
            ]
        },
        {
            "name": "Knee_R",
            "time": [0.0, 0.0333, 0.0667, 0.3333, 0.5],
            "transform": [
                [0.99999, -0.003542, -0.002706, 0.0, -0.001183, 0.374406, -0.927264, 0.37472, 0.004297, 0.927259, 0.374398, 0.0, 0.0, 0.0, 0.0, 1.0],
                [0.99993, 0.002058, -0.011679, -0.0, -0.010959, 0.536615, -0.843758, 0.37472, 0.004528, 0.843824, 0.536598, -0.0, 0.0, 0.0, 0.0, 1.0],
                [0.999915, -0.01292, -0.001743, -0.0, 0.003964, 0.428665, -0.903454, 0.37472, 0.01242, 0.903371, 0.42868, 0.0, 0.0, 0.0, 0.0, 1.0],
                [0.99999, -0.003713, -0.002444, 0.0, -0.000859, 0.378026, -0.925794, 0.37472, 0.004362, 0.925787, 0.37802, 0.0, 0.0, 0.0, 0.0, 1.0],
                [0.99999, -0.003713, -0.002444, 0.0, -0.000859, 0.378026, -0.925794, 0.37472, 0.004362, 0.925787, 0.37802, 0.0, 0.0, 0.0, 0.0, 1.0]
            ]
        },
        {
            "name": "Thigh_L",
            "time": [0.0, 0.0333, 0.0667, 0.3333, 0.5],
            "transform": [
                [0.936824, -0.336426, 0.095803, -0.125006, -0.336853, -0.793831, 0.506321, -0.002831, -0.094288, -0.506605, -0.857006, -1.2e-05, 0.0, 0.0, 0.0, 1.0],
                [0.967321, -0.225959, 0.115029, -0.125006, -0.251777, -0.802402, 0.541072, -0.002831, -0.029961, -0.552352, -0.833072, -1.2e-05, 0.0, 0.0, 0.0, 1.0],
                [0.9728, -0.217565, -0.079524, -0.125006, -0.218243, -0.975894, 0.000169, -0.002831, -0.077644, 0.017191, -0.996833, -1.2e-05, 0.0, 0.0, 0.0, 1.0],
                [0.714952, -0.267938, -0.645796, -0.125006, -0.227711, -0.96253, 0.147252, -0.002831, -0.661052, 0.041777, -0.749175, -1.2e-05, 0.0, 0.0, 0.0, 1.0],
                [0.714952, -0.267938, -0.645796, -0.125006, -0.227711, -0.96253, 0.147252, -0.002831, -0.661052, 0.041777, -0.749175, -1.2e-05, 0.0, 0.0, 0.0, 1.0]
            ]
        },
        {
            "name": "Leg_L",
            "time": [0.0, 0.0333, 0.0667, 0.3333, 0.5],
            "transform": [
                [0.999954, -0.009257, -0.002513, 0.0, 0.006226, 0.427047, 0.904209, 0.37472, -0.007297, -0.90418, 0.427087, 0.0, 0.0, 0.0, 0.0, 1.0],
                [0.999486, 0.032019, 0.001509, -0.0, -0.009752, 0.258899, 0.965855, 0.37472, 0.030535, -0.965375, 0.259077, -0.0, 0.0, 0.0, 0.0, 1.0],
                [0.999969, -0.007747, 0.001524, -0.0, 0.007152, 0.970551, 0.240791, 0.37472, -0.003345, -0.240773, 0.970575, -0.0, 0.0, 0.0, 0.0, 1.0],
                [0.98477, -0.10021, 0.142077, -0.0, 0.008592, 0.844235, 0.535904, 0.37472, -0.173649, -0.526522, 0.832238, -0.0, 0.0, 0.0, 0.0, 1.0],
                [0.98477, -0.10021, 0.142077, -0.0, 0.008592, 0.844235, 0.535904, 0.37472, -0.173649, -0.526522, 0.832238, -0.0, 0.0, 0.0, 0.0, 1.0]
            ]
        },
        {
            "name": "Knee_L",
            "time": [0.0, 0.0333, 0.0667, 0.3333, 0.5],
            "transform": [
                [0.999987, -0.004992, 8.4e-05, 0.0, 0.002743, 0.535212, -0.844713, 0.37472, 0.004172, 0.844703, 0.535219, 0.0, 0.0, 0.0, 0.0, 1.0],
                [0.999857, 0.016269, -0.004682, -0.0, -0.013616, 0.608521, -0.793421, 0.37472, -0.010059, 0.793372, 0.608655, -0.0, 0.0, 0.0, 0.0, 1.0],
                [0.999992, -0.003827, 0.000996, -0.0, 0.001453, 0.121286, -0.992617, 0.37472, 0.003678, 0.99261, 0.121291, -0.0, 0.0, 0.0, 0.0, 1.0],
                [0.996109, -0.040136, 0.078467, -0.0, 0.086534, 0.276425, -0.957132, 0.37472, 0.016726, 0.960197, 0.278823, -0.0, 0.0, 0.0, 0.0, 1.0],
                [0.996109, -0.040136, 0.078467, -0.0, 0.086534, 0.276425, -0.957132, 0.37472, 0.016726, 0.960197, 0.278823, -0.0, 0.0, 0.0, 0.0, 1.0]
            ]
        },
        {
            "name": "Torso",
            "time": [0.0, 0.0333, 0.0667, 0.3333, 0.5],
            "transform": [
                [0.99192, -0.126764, 0.00515, -0.0, 0.126471, 0.98479, -0.119134, 0.05, 0.010031, 0.118822, 0.992865, -0.0, 0.0, 0.0, 0.0, 1.0],
                [0.998964, -0.041787, -0.018037, -0.0, 0.041837, 0.999121, 0.002414, 0.05, 0.01792, -0.003166, 0.999834, 0.0, 0.0, 0.0, 0.0, 1.0],
                [0.998487, 0.045677, -0.030606, 0.0, -0.0415, 0.991233, 0.125438, 0.05, 0.036068, -0.123978, 0.991629, -0.0, 0.0, 0.0, 0.0, 1.0],
                [0.875617, -0.027456, 0.482225, -0.0, 0.020971, 0.999603, 0.018833, 0.05, -0.482551, -0.006377, 0.875845, 0.0, 0.0, 0.0, 0.0, 1.0],
                [0.875617, -0.027456, 0.482225, -0.0, 0.020971, 0.999603, 0.018833, 0.05, -0.482551, -0.006377, 0.875845, 0.0, 0.0, 0.0, 0.0, 1.0]
            ]
        },
        {
            "name": "Chest",
            "time": [0.0, 0.0333, 0.0667, 0.3333, 0.5],