{

    "animation": [
        {
            "name": "Root",
            "time": [0.0, 0.0833, 0.1667, 0.2833],
            "transform": [
                [0.995984, -0.0003, -0.089526, -5e-06, -0.08947, 0.032287, -0.995466, 0.000946, 0.00319, 0.999479, 0.03213, 0.759959, 0.0, 0.0, 0.0, 1.0],
                [0.995984, -0.0003, -0.089526, -5e-06, -0.08947, 0.032287, -0.995466, 0.000946, 0.00319, 0.999479, 0.03213, 0.759959, 0.0, 0.0, 0.0, 1.0],
                [0.995984, -0.0003, -0.089526, -5e-06, -0.08947, 0.032287, -0.995466, 0.000946, 0.00319, 0.999479, 0.03213, 0.759959, 0.0, 0.0, 0.0, 1.0],
                [0.995984, -0.0003, -0.089526, -5e-06, -0.08947, 0.032287, -0.995466, 0.000946, 0.00319, 0.999479, 0.03213, 0.759959, 0.0, 0.0, 0.0, 1.0]
            ]
        },
        {
            "name": "Thigh_R",
            "time": [0.0, 0.0833, 0.1667, 0.2833],
            "transform": [
                [0.994533, 0.070982, 0.076579, 0.124994, 0.065164, -0.994976, 0.07597, -0.002831, 0.081587, -0.070564, -0.994165, -1.2e-05, 0.0, 0.0, 0.0, 1.0],
                [0.99456, 0.070959, 0.076257, 0.124994, 0.065166, -0.994977, 0.075948, -0.002831, 0.081264, -0.070565, -0.994191, -1.2e-05, 0.0, 0.0, 0.0, 1.0],
                [0.994593, 0.07093, 0.07585, 0.124994, 0.065168, -0.994979, 0.075922, -0.002831, 0.080854, -0.070568, -0.994225, -1.2e-05, 0.0, 0.0, 0.0, 1.0],
                [0.994549, 0.070968, 0.076387, 0.124994, 0.065165, -0.994977, 0.075957, -0.002831, 0.081394, -0.070565, -0.994181, -1.2e-05, 0.0, 0.0, 0.0, 1.0]
            ]
        },
        {
            "name": "Leg_R",
            "time": [0.0, 0.0833, 0.1667, 0.2833],
            "transform": [
                [0.999962, -0.008679, -0.001157, 0.0, 0.008723, 0.97589, 0.218092, 0.37472, -0.000763, -0.218094, 0.975927, -0.0, 0.0, 0.0, 0.0, 1.0],
                [0.999962, -0.008679, -0.001158, -0.0, 0.008723, 0.97589, 0.218091, 0.37472, -0.000763, -0.218094, 0.975927, -0.0, 0.0, 0.0, 0.0, 1.0],
                [0.999962, -0.008679, -0.001157, 0.0, 0.008723, 0.97589, 0.218092, 0.37472, -0.000763, -0.218094, 0.975927, 0.0, 0.0, 0.0, 0.0, 1.0],
                [0.999962, -0.008679, -0.001158, 0.0, 0.008723, 0.97589, 0.218092, 0.37472, -0.000763, -0.218094, 0.975927, -0.0, 0.0, 0.0, 0.0, 1.0]
            ]
        },
        {
            "name": "Knee_R",
            "time": [0.0, 0.0833, 0.1667, 0.2833],
            "transform": [
                [0.99999, -0.004371, -0.000345, 0.0, 0.000136, 0.109711, -0.993963, 0.37472, 0.004382, 0.993954, 0.109711, -0.0, 0.0, 0.0, 0.0, 1.0],
                [0.999991, -0.004371, -0.000345, -0.0, 0.000136, 0.109711, -0.993964, 0.37472, 0.004382, 0.993954, 0.109711, -0.0, 0.0, 0.0, 0.0, 1.0],
                [0.99999, -0.004371, -0.000345, 0.0, 0.000136, 0.109711, -0.993963, 0.37472, 0.004383, 0.993954, 0.109711, 0.0, 0.0, 0.0, 0.0, 1.0],
                [0.999991, -0.004371, -0.000345, 0.0, 0.000136, 0.109711, -0.993964, 0.37472, 0.004382, 0.993954, 0.109711, -0.0, 0.0, 0.0, 0.0, 1.0]
            ]
        },
        {
            "name": "Thigh_L",
            "time": [0.0, 0.0833, 0.1667, 0.2833],
            "transform": [
                [0.997137, -0.065115, -0.038437, -0.125006, -0.056229, -0.978421, 0.198816, -0.002831, -0.050553, -0.196085, -0.979284, -1.2e-05, 0.0, 0.0, 0.0, 1.0],
                [0.99712, -0.065178, -0.038754, -0.125006, -0.056228, -0.978418, 0.198834, -0.002831, -0.050878, -0.196082, -0.979267, -1.2e-05, 0.0, 0.0, 0.0, 1.0],
                [0.997099, -0.065259, -0.039156, -0.125006, -0.056227, -0.978413, 0.198857, -0.002831, -0.051288, -0.196078, -0.979247, -1.2e-05, 0.0, 0.0, 0.0, 1.0],
                [0.997127, -0.065153, -0.038626, -0.125006, -0.056228, -0.978419, 0.198827, -0.002831, -0.050747, -0.196083, -0.979274, -1.2e-05, 0.0, 0.0, 0.0, 1.0]
            ]
        },
        {
            "name": "Leg_L",
            "time": [0.0, 0.0833, 0.1667, 0.2833],
            "transform": [
                [0.999996, 0.001261, -0.00254, -0.0, -0.000724, 0.979491, 0.201479, 0.37472, 0.002742, -0.201476, 0.97949, -0.0, 0.0, 0.0, 0.0, 1.0],
                [0.999996, 0.001261, -0.00254, -0.0, -0.000724, 0.979491, 0.201479, 0.37472, 0.002742, -0.201476, 0.97949, 0.0, 0.0, 0.0, 0.0, 1.0],
                [0.999996, 0.001261, -0.00254, -0.0, -0.000724, 0.979491, 0.201479, 0.37472, 0.002742, -0.201476, 0.97949, 0.0, 0.0, 0.0, 0.0, 1.0],
                [0.999996, 0.001261, -0.00254, 0.0, -0.000724, 0.979491, 0.201479, 0.37472, 0.002742, -0.201476, 0.97949, -0.0, 0.0, 0.0, 0.0, 1.0]
            ]
        },
        {
            "name": "Knee_L",
            "time": [0.0, 0.0833, 0.1667, 0.2833],
            "transform": [
                [0.999999, 0.000566, -0.001304, -0.0, -0.001355, 0.10126, -0.994859, 0.37472, -0.000431, 0.99486, 0.101261, -0.0, 0.0, 0.0, 0.0, 1.0],
                [0.999999, 0.000566, -0.001304, -0.0, -0.001355, 0.10126, -0.994859, 0.37472, -0.000431, 0.99486, 0.101261, 0.0, 0.0, 0.0, 0.0, 1.0],
                [0.999999, 0.000566, -0.001304, -0.0, -0.001355, 0.10126, -0.994859, 0.37472, -0.000431, 0.99486, 0.101261, 0.0, 0.0, 0.0, 0.0, 1.0],
                [0.999999, 0.000566, -0.001304, 0.0, -0.001355, 0.10126, -0.994859, 0.37472, -0.000431, 0.99486, 0.101261, -0.0, 0.0, 0.0, 0.0, 1.0]
            ]
        },
        {
            "name": "Torso",
            "time": [0.0, 0.0833, 0.1667, 0.2833],
            "transform": [
                [0.99986, -0.01673, -0.000425, 0.0, 0.016694, 0.995257, 0.095843, 0.05, -0.001181, -0.095837, 0.995396, -0.0, 0.0, 0.0, 0.0, 1.0],
                [0.999824, -0.018345, 0.003823, 0.0, 0.018574, 0.997187, -0.072615, 0.05, -0.00248, 0.072673, 0.997353, -0.0, 0.0, 0.0, 0.0, 1.0],
                [0.999589, -0.02741, 0.008443, 0.0, 0.028383, 0.987698, -0.153778, 0.05, -0.004124, 0.153954, 0.988069, -0.0, 0.0, 0.0, 0.0, 1.0],
                [0.999781, -0.01976, 0.006882, 0.0, 0.020832, 0.970789, -0.239028, 0.05, -0.001957, 0.23912, 0.970988, -0.0, 0.0, 0.0, 0.0, 1.0]
            ]
        },
        {
            "name": "Chest",
            "time": [0.0, 0.0833, 0.1667, 0.2833],
            "transform": [
                [0.906054, -0.017525, 0.422799, 0.0, -0.024903, 0.995202, 0.094618, 0.3, -0.422429, -0.096258, 0.90127, -0.0, 0.0, 0.0, 0.0, 1.0],
                [0.864934, -0.023913, 0.501316, -0.0, -0.028944, 0.994825, 0.097392, 0.3, -0.501051, -0.098748, 0.859766, 0.0, 0.0, 0.0, 0.0, 1.0],
                [0.962401, -0.002218, -0.271624, -0.0, -0.063516, 0.970408, -0.232967, 0.3, 0.264103, 0.24146, 0.933781, 0.0, 0.0, 0.0, 0.0, 1.0],
                [0.536181, 0.000806, -0.844102, -0.0, -0.13528, 0.987156, -0.084988, 0.3, 0.833192, 0.159759, 0.529404, 0.0, 0.0, 0.0, 0.0, 1.0]
            ]
        },
        {
            "name": "Head",
            "time": [0.0, 0.0833, 0.1667, 0.2833],
            "transform": [
                [0.940424, -0.031308, -0.338558, 0.0, -0.017174, 0.990106, -0.139266, 0.4, 0.339569, 0.136784, 0.930582, 0.0, 0.0, 0.0, 0.0, 1.0],
                [0.905042, 0.047155, -0.4227, 0.0, -0.040326, 0.998871, 0.025089, 0.4, 0.423406, -0.005661, 0.905922, -0.0, 0.0, 0.0, 0.0, 1.0],
                [0.939988, -0.093915, 0.328028, -0.0, -0.061682, 0.898764, 0.434071, 0.400001, -0.335585, -0.428255, 0.839035, 0.0, 0.0, 0.0, 0.0, 1.0],
                [0.540453, -0.362442, 0.759306, 0.0, -0.013043, 0.898742, 0.438283, 0.4, -0.841273, -0.246775, 0.481001, -0.0, 0.0, 0.0, 0.0, 1.0]
            ]
        },
        {
            "name": "Shoulder_R",
            "time": [0.0, 0.0833, 0.1667, 0.2833],