{

    "animation": [
        {
            "name": "Root",
            "time": [0.0, 0.05, 0.1, 0.4, 0.5833],
            "transform": [
                [0.793961, -0.0, -0.607969, -5e-06, -0.606524, -0.068896, -0.792074, 0.000946, -0.041887, 0.997624, -0.054701, 0.5342, 0.0, 0.0, 0.0, 1.0],
                [0.975536, -0.09298, -0.199209, -5e-06, -0.190497, 0.094766, -0.977103, 0.000946, 0.10973, 0.991148, 0.074735, 0.704086, 0.0, 0.0, 0.0, 1.0],
                [0.962653, -0.084221, 0.257304, -5e-06, 0.270149, 0.236173, -0.933403, 0.000946, 0.017844, 0.968054, 0.250105, 0.833972, 0.0, 0.0, 0.0, 1.0],
                [0.964227, 0.044219, 0.261362, -5e-06, 0.25372, 0.131546, -0.958291, 0.000946, -0.076756, 0.990323, 0.115621, 0.853972, 0.0, 0.0, 0.0, 1.0],
                [0.924261, -0.0, -0.381761, -5e-06, -0.380853, -0.068896, -0.922065, 0.000946, -0.026302, 0.997624, -0.063678, 0.7342, 0.0, 0.0, 0.0, 1.0]
            ]
        },
        {
            "name": "Thigh_R",
            "time": [0.0, 0.05, 0.1, 0.4, 0.5833],
            "transform": [
                [0.893525, 0.444019, -0.066585, 0.124994, 0.445958, -0.89487, 0.016866, -0.00283, -0.052098, -0.044765, -0.997616, -1.2e-05, 0.0, 0.0, 0.0, 1.0],
                [0.953364, 0.301142, -0.019963, 0.124994, 0.272375, -0.830015, 0.486684, -0.002831, 0.129994, -0.469426, -0.873337, -1.2e-05, 0.0, 0.0, 0.0, 1.0],
                [0.963163, 0.227568, 0.14328, 0.124994, 0.004087, -0.54513, 0.838341, -0.00283, 0.268886, -0.806872, -0.52598, -1.2e-05, 0.0, 0.0, 0.0, 1.0],
                [0.962906, 0.17749, 0.203242, 0.124994, 0.010585, -0.77748, 0.628818, -0.002831, 0.269625, -0.603341, -0.75052, -1.2e-05, 0.0, 0.0, 0.0, 1.0],
                [0.997051, 0.069026, -0.033526, 0.124994, 0.076557, -0.924685, 0.372954, -0.00283, -0.005257, -0.37442, -0.927244, -1.2e-05, 0.0, 0.0, 0.0, 1.0]
            ]
        },
        {
            "name": "Leg_R",
            "time": [0.0, 0.05, 0.1, 0.4, 0.5833],
            "transform": [
                [0.993328, 0.092983, -0.068125, 0.0, 0.008665, 0.529108, 0.848508, 0.37472, 0.114942, -0.843445, 0.524774, -0.0, 0.0, 0.0, 0.0, 1.0],
                [0.998011, 0.060376, -0.017948, 0.0, 0.008706, 0.149993, 0.988648, 0.37472, 0.062383, -0.986841, 0.14917, -0.0, 0.0, 0.0, 0.0, 1.0],
                [0.999567, -0.025085, -0.015359, -0.0, 0.008719, -0.245995, 0.969233, 0.37472, -0.028091, -0.968946, -0.24567, -0.0, 0.0, 0.0, 0.0, 1.0],
                [0.998971, 0.044461, -0.00888, -0.0, 0.008714, 0.00393, 0.999956, 0.37472, 0.044494, -0.999003, 0.003539, -0.0, 0.0, 0.0, 0.0, 1.0],
                [0.998596, 0.032683, -0.041692, -0.0, 0.008711, 0.674996, 0.73777, 0.37472, 0.052254, -0.737099, 0.673763, -0.0, 0.0, 0.0, 0.0, 1.0]
            ]
        },
        {
            "name": "Knee_R",
            "time": [0.0, 0.05, 0.1, 0.4, 0.5833],
            "transform": [
                [0.99822, 0.037723, -0.046192, 0.0, -0.058692, 0.483952, -0.873126, 0.37472, -0.010582, 0.874281, 0.485304, -0.0, 0.0, 0.0, 0.0, 1.0],
                [0.999435, 0.026875, -0.020185, 0.0, -0.032827, 0.651445, -0.757987, 0.37472, -0.007221, 0.75822, 0.651958, -0.0, 0.0, 0.0, 0.0, 1.0],
                [0.999866, -0.016294, -0.001549, -0.0, 0.011908, 0.78914, -0.6141, 0.37472, 0.011229, 0.613998, 0.789226, -0.0, 0.0, 0.0, 0.0, 1.0],
                [0.999699, 0.020405, -0.013632, -0.0, -0.024059, 0.705465, -0.708337, 0.37472, -0.004836, 0.708451, 0.705743, -0.0, 0.0, 0.0, 0.0, 1.0],
                [0.999633, 0.011958, -0.024301, -0.0, -0.027059, 0.402976, -0.914811, 0.37472, -0.001147, 0.915132, 0.403152, -0.0, 0.0, 0.0, 0.0, 1.0]
            ]
        },
        {
            "name": "Thigh_L",
            "time": [0.0, 0.05, 0.1, 0.4, 0.5833],
            "transform": [
                [0.880488, -0.400212, 0.254105, -0.125006, -0.467782, -0.646476, 0.602699, -0.00283, -0.076934, -0.649536, -0.756428, -1.2e-05, 0.0, 0.0, 0.0, 1.0],
                [0.952589, -0.201898, 0.227619, -0.125006, -0.300932, -0.735438, 0.607077, -0.002831, 0.044835, -0.646793, -0.761328, -1.2e-05, 0.0, 0.0, 0.0, 1.0],
                [0.971987, 0.03272, 0.232744, -0.125006, -0.116813, -0.792042, 0.599185, -0.00283, 0.203948, -0.609587, -0.766034, -1.2e-05, 0.0, 0.0, 0.0, 1.0],
                [0.98538, 0.139386, 0.097954, -0.125006, -0.05023, -0.311709, 0.948848, -0.002831, 0.162789, -0.939898, -0.30015, -1.2e-05, 0.0, 0.0, 0.0, 1.0],
                [0.954122, -0.285997, -0.088631, -0.125006, -0.137111, -0.680491, 0.719813, -0.002831, -0.266177, -0.674637, -0.688487, -1.2e-05, 0.0, 0.0, 0.0, 1.0]
            ]
        },
        {
            "name": "Leg_L",
            "time": [0.0, 0.05, 0.1, 0.4, 0.5833],
            "transform": [
                [0.999819, 0.01803, 0.006191, 0.0, -0.016353, 0.644337, 0.764567, 0.37472, 0.009796, -0.76453, 0.644515, -0.0, 0.0, 0.0, 0.0, 1.0],
                [0.999952, 0.009738, 0.000993, 0.0, -0.00932, 0.916215, 0.400578, 0.37472, 0.002991, -0.400568, 0.916263, 0.0, 0.0, 0.0, 0.0, 1.0],
                [1.0, 2e-06, 1e-06, -0.0, -2e-06, 0.999847, 0.017455, 0.37472, -1e-06, -0.017455, 0.999848, -0.0, 0.0, 0.0, 0.0, 1.0],
                [0.999558, 0.029043, -0.006431, 0.0, -0.002092, 0.284305, 0.958732, 0.37472, 0.029673, -0.958294, 0.28424, -0.0, 0.0, 0.0, 0.0, 1.0],
                [1.0, -2e-06, 1e-06, 0.0, -1e-06, -0.124505, 0.992219, 0.37472, -2e-06, -0.992219, -0.124505, 0.0, 0.0, 0.0, 0.0, 1.0]
            ]
        },
        {
            "name": "Knee_L",
            "time": [0.0, 0.05, 0.1, 0.4, 0.5833],
            "transform": [
                [0.999952, 0.009701, 0.0011, 0.0, -0.003092, 0.421591, -0.906781, 0.37472, -0.00926, 0.906734, 0.4216, -0.0, 0.0, 0.0, 0.0, 1.0],
                [0.999988, 0.004921, -9e-06, 0.0, -0.001015, 0.204618, -0.978841, 0.37472, -0.004815, 0.97883, 0.204621, 0.0, 0.0, 0.0, 0.0, 1.0],
                [1.0, 1e-06, -2e-06, -0.0, -2e-06, 0.008737, -0.99996, 0.37472, -1e-06, 0.99996, 0.008737, -0.0, 0.0, 0.0, 0.0, 1.0],
                [0.999877, 0.013456, -0.008041, 0.0, -0.014492, 0.598065, -0.801316, 0.37472, -0.005974, 0.801335, 0.598187, -0.0, 0.0, 0.0, 0.0, 1.0],
                [1.0, 1e-06, -1e-06, 0.0, -1e-06, 0.749836, -0.661624, 0.37472, -0.0, 0.661623, 0.749835, 0.0, 0.0, 0.0, 0.0, 1.0]
            ]
        },
        {
            "name": "Torso",
            "time": [0.0, 0.05, 0.1, 0.4, 0.5833],
            "transform": [
                [0.998639, 0.051924, 0.004884, -0.0, -0.045297, 0.909955, -0.412226, 0.05, -0.025848, 0.411444, 0.911068, -0.0, 0.0, 0.0, 0.0, 1.0],
                [0.999665, -0.005258, -0.025333, -0.0, 0.001002, 0.986268, -0.16515, 0.05, 0.025853, 0.16507, 0.985943, 0.0, 0.0, 0.0, 0.0, 1.0],
                [0.970564, 0.09378, -0.221836, -0.0, 0.018688, 0.888976, 0.457573, 0.05, 0.240118, -0.44825, 0.861055, -0.0, 0.0, 0.0, 0.0, 1.0],
                [0.990603, 0.066738, -0.119381, -0.0, -0.037122, 0.971298, 0.234954, 0.05, 0.131634, -0.228314, 0.964648, -0.0, 0.0, 0.0, 0.0, 1.0],
                [0.994446, -0.104962, 0.0078, 0.0, 0.100103, 0.966098, 0.237979, 0.05, -0.032515, -0.235877, 0.971239, 0.0, 0.0, 0.0, 0.0, 1.0]
            ]
        },
        {
            "name": "Chest",
            "time": [0.0, 0.05, 0.1, 0.4, 0.5833],