{

    "animation": [
        {
            "name": "Root",
            "time": [0.0, 0.0833, 0.1667, 0.2833],
            "transform": [
                [0.995984, -0.0003, -0.089526, -5e-06, -0.08947, 0.032287, -0.995466, 0.000946, 0.00319, 0.999479, 0.03213, 0.759959, 0.0, 0.0, 0.0, 1.0],
                [0.995984, -0.0003, -0.089526, -5e-06, -0.08947, 0.032287, -0.995466, 0.000946, 0.00319, 0.999479, 0.03213, 0.759959, 0.0, 0.0, 0.0, 1.0],
                [0.995984, -0.0003, -0.089526, -5e-06, -0.08947, 0.032287, -0.995466, 0.000946, 0.00319, 0.999479, 0.03213, 0.759959, 0.0, 0.0, 0.0, 1.0],
                [0.995984, -0.0003, -0.089526, -5e-06, -0.08947, 0.032287, -0.995466, 0.000946, 0.00319, 0.999479, 0.03213, 0.759959, 0.0, 0.0, 0.0, 1.0]
            ]
        },
        {
            "name": "Thigh_R",
            "time": [0.0, 0.0833, 0.1667, 0.2833],
            "transform": [
                [0.994533, 0.070982, 0.076579, 0.124994, 0.065164, -0.994976, 0.07597, -0.002831, 0.081587, -0.070564, -0.994165, -1.2e-05, 0.0, 0.0, 0.0, 1.0],
                [0.994599, 0.070925, 0.075769, 0.124994, 0.065169, -0.99498, 0.075916, -0.002831, 0.080773, -0.070568, -0.994231, -1.2e-05, 0.0, 0.0, 0.0, 1.0],
                [0.994649, 0.070881, 0.075152, 0.124994, 0.065172, -0.994982, 0.075876, -0.002831, 0.080153, -0.070572, -0.994281, -1.2e-05, 0.0, 0.0, 0.0, 1.0],
                [0.994593, 0.07093, 0.07585, 0.124994, 0.065168, -0.994979, 0.075922, -0.002831, 0.080854, -0.070568, -0.994225, -1.2e-05, 0.0, 0.0, 0.0, 1.0]
            ]
        },
        {
            "name": "Leg_R",
            "time": [0.0, 0.0833, 0.1667, 0.2833],
            "transform": [
                [0.999962, -0.008679, -0.001157, 0.0, 0.008723, 0.97589, 0.218092, 0.37472, -0.000763, -0.218094, 0.975927, -0.0, 0.0, 0.0, 0.0, 1.0],
                [0.999962, -0.008679, -0.001158, -0.0, 0.008723, 0.97589, 0.218092, 0.37472, -0.000763, -0.218094, 0.975927, -0.0, 0.0, 0.0, 0.0, 1.0],
                [0.999962, -0.008679, -0.001157, 0.0, 0.008723, 0.97589, 0.218091, 0.37472, -0.000763, -0.218094, 0.975927, -0.0, 0.0, 0.0, 0.0, 1.0],
                [0.999962, -0.008679, -0.001157, 0.0, 0.008723, 0.97589, 0.218092, 0.37472, -0.000763, -0.218094, 0.975927, 0.0, 0.0, 0.0, 0.0, 1.0]
            ]
        },
        {
            "name": "Knee_R",
            "time": [0.0, 0.0833, 0.1667, 0.2833],
            "transform": [
                [0.99999, -0.004371, -0.000345, 0.0, 0.000136, 0.109711, -0.993963, 0.37472, 0.004382, 0.993954, 0.109711, -0.0, 0.0, 0.0, 0.0, 1.0],
                [0.99999, -0.004371, -0.000345, -0.0, 0.000136, 0.109711, -0.993963, 0.37472, 0.004382, 0.993954, 0.109711, -0.0, 0.0, 0.0, 0.0, 1.0],
                [0.999991, -0.004371, -0.000345, 0.0, 0.000136, 0.109711, -0.993964, 0.37472, 0.004382, 0.993954, 0.109711, -0.0, 0.0, 0.0, 0.0, 1.0],
                [0.99999, -0.004371, -0.000345, 0.0, 0.000136, 0.109711, -0.993963, 0.37472, 0.004383, 0.993954, 0.109711, 0.0, 0.0, 0.0, 0.0, 1.0]
            ]
        },
        {
            "name": "Thigh_L",
            "time": [0.0, 0.0833, 0.1667, 0.2833],
            "transform": [
                [0.997137, -0.065115, -0.038437, -0.125006, -0.056229, -0.978421, 0.198816, -0.002831, -0.050553, -0.196085, -0.979284, -1.2e-05, 0.0, 0.0, 0.0, 1.0],
                [0.997095, -0.065275, -0.039235, -0.125006, -0.056227, -0.978412, 0.198861, -0.002831, -0.051369, -0.196077, -0.979243, -1.2e-05, 0.0, 0.0, 0.0, 1.0],
                [0.997063, -0.065397, -0.039844, -0.125006, -0.056225, -0.978405, 0.198895, -0.002831, -0.05199, -0.196071, -0.979211, -1.2e-05, 0.0, 0.0, 0.0, 1.0],
                [0.997099, -0.065259, -0.039156, -0.125006, -0.056227, -0.978413, 0.198857, -0.002831, -0.051288, -0.196078, -0.979247, -1.2e-05, 0.0, 0.0, 0.0, 1.0]
            ]
        },
        {
            "name": "Leg_L",
            "time": [0.0, 0.0833, 0.1667, 0.2833],
            "transform": [
                [0.999996, 0.001261, -0.00254, -0.0, -0.000724, 0.979491, 0.201479, 0.37472, 0.002742, -0.201476, 0.97949, -0.0, 0.0, 0.0, 0.0, 1.0],
                [0.999996, 0.001261, -0.00254, -0.0, -0.000724, 0.979491, 0.201479, 0.37472, 0.002742, -0.201476, 0.97949, 0.0, 0.0, 0.0, 0.0, 1.0],
                [0.999996, 0.001261, -0.00254, -0.0, -0.000724, 0.979491, 0.201479, 0.37472, 0.002742, -0.201476, 0.97949, -0.0, 0.0, 0.0, 0.0, 1.0],
                [0.999996, 0.001261, -0.00254, -0.0, -0.000724, 0.979491, 0.201479, 0.37472, 0.002742, -0.201476, 0.97949, 0.0, 0.0, 0.0, 0.0, 1.0]
            ]
        },
        {
            "name": "Knee_L",
            "time": [0.0, 0.0833, 0.1667, 0.2833],
            "transform": [
                [0.999999, 0.000566, -0.001304, -0.0, -0.001355, 0.10126, -0.994859, 0.37472, -0.000431, 0.99486, 0.101261, -0.0, 0.0, 0.0, 0.0, 1.0],
                [0.999999, 0.000566, -0.001304, -0.0, -0.001355, 0.10126, -0.994859, 0.37472, -0.000431, 0.99486, 0.101261, 0.0, 0.0, 0.0, 0.0, 1.0],
                [0.999999, 0.000566, -0.001304, -0.0, -0.001355, 0.10126, -0.994859, 0.37472, -0.000431, 0.99486, 0.101261, -0.0, 0.0, 0.0, 0.0, 1.0],
                [0.999999, 0.000566, -0.001304, -0.0, -0.001355, 0.10126, -0.994859, 0.37472, -0.000431, 0.99486, 0.101261, 0.0, 0.0, 0.0, 0.0, 1.0]
            ]
        },
        {
            "name": "Torso",
            "time": [0.0, 0.0833, 0.1667, 0.2833],
            "transform": [
                [0.99986, -0.01673, -0.000425, 0.0, 0.016694, 0.995257, 0.095843, 0.05, -0.001181, -0.095837, 0.995396, -0.0, 0.0, 0.0, 0.0, 1.0],
                [0.99965, -0.026149, 0.004077, 0.0, 0.026088, 0.999558, 0.014268, 0.05, -0.004449, -0.014156, 0.99989, -0.0, 0.0, 0.0, 0.0, 1.0],
                [0.999338, -0.035166, 0.009333, 0.0, 0.035715, 0.99709, -0.067356, 0.05, -0.006937, 0.067645, 0.997685, -0.0, 0.0, 0.0, 0.0, 1.0],
                [0.999589, -0.02741, 0.008443, 0.0, 0.028383, 0.987698, -0.153778, 0.05, -0.004124, 0.153954, 0.988069, -0.0, 0.0, 0.0, 0.0, 1.0]
            ]
        },
        {
            "name": "Chest",
            "time": [0.0, 0.0833, 0.1667, 0.2833],
            "transform": [
                [0.906054, -0.017525, 0.422799, 0.0, -0.024903, 0.995202, 0.094618, 0.3, -0.422429, -0.096258, 0.90127, -0.0, 0.0, 0.0, 0.0, 1.0],
                [0.864934, -0.023913, 0.501316, 0.0, -0.028944, 0.994825, 0.097392, 0.3, -0.501051, -0.098748, 0.859766, 0.0, 0.0, 0.0, 0.0, 1.0],
                [0.965651, -0.021743, -0.258933, -0.0, 0.025328, 0.999624, 0.010518, 0.3, 0.258607, -0.016715, 0.965838, -0.0, 0.0, 0.0, 0.0, 1.0],
                [0.543058, -0.012571, -0.839601, -0.0, 0.018021, 0.999832, -0.003314, 0.3, 0.839502, -0.013331, 0.543193, 0.0, 0.0, 0.0, 0.0, 1.0]
            ]
        },
        {
            "name": "Head",
            "time": [0.0, 0.0833, 0.1667, 0.2833],
            "transform": [
                [0.940424, -0.031308, -0.338558, 0.0, -0.017174, 0.990106, -0.139266, 0.4, 0.339569, 0.136784, 0.930582, 0.0, 0.0, 0.0, 0.0, 1.0],
                [0.905042, 0.010135, -0.425201, 0.0, -0.040326, 0.997257, -0.062064, 0.4, 0.423406, 0.073317, 0.902968, 0.0, 0.0, 0.0, 0.0, 1.0],
                [0.939988, 0.023941, 0.340366, 0.0, -0.061682, 0.993024, 0.100498, 0.400001, -0.335586, -0.115461, 0.934907, -0.0, 0.0, 0.0, 0.0, 1.0],
                [0.546625, -0.142164, 0.825222, 0.0, -0.034439, 0.980832, 0.191785, 0.400001, -0.836669, -0.133254, 0.531251, 0.0, 0.0, 0.0, 0.0, 1.0]
            ]
        },
        {
            "name": "Shoulder_R",
            "time": [0.0, 0.0833, 0.1667, 0.2833],