{

    "animation": [
        {
            "name": "Root",
            "time": [0.0, 0.05, 0.1, 0.15, 0.5],
            "transform": [
                [0.913513, 0.0, -0.406809, -5e-06, -0.406809, 0.0, -0.913513, 0.000946, 0.0, 1.0, 0.0, 0.701907, 0.0, 0.0, 0.0, 1.0],
                [0.782029, -0.061036, 0.620246, -0.100005, 0.623208, 0.086993, -0.777203, 0.502239, -0.00652, 0.994337, 0.10607, 0.679563, 0.0, 0.0, 0.0, 1.0],
                [0.558685, -0.020472, 0.829127, -5e-06, 0.822249, 0.14448, -0.550483, 1.000946, -0.108523, 0.989296, 0.097552, 0.609858, 0.0, 0.0, 0.0, 1.0],
                [0.298731, -0.0, 0.954338, -5e-06, 0.933781, 0.206435, -0.292296, 1.000946, -0.197009, 0.97846, 0.061669, 0.540153, 0.0, 0.0, 0.0, 1.0],
                [0.128473, -0.0, 0.991713, -5e-06, 0.970352, 0.206435, -0.125706, 1.000946, -0.204725, 0.97846, 0.026521, 0.540153, 0.0, 0.0, 0.0, 1.0]
            ]
        },
        {
            "name": "Thigh_R",
            "time": [0.0, 0.05, 0.1, 0.15, 0.3, 0.5],
            "transform": [
                [0.975681, 0.120048, 0.183396, 0.133605, 0.008297, -0.856312, 0.516389, -0.002831, 0.219036, -0.502309, -0.836486, 0.03025, 0.0, 0.0, 0.0, 1.0],
                [0.893179, 0.330117, 0.305374, 0.138529, 0.133754, -0.843341, 0.520464, -0.002831, 0.42935, -0.424021, -0.797411, 0.047556, 0.0, 0.0, 0.0, 1.0],
                [0.764133, 0.60232, 0.230888, 0.140713, 0.3657, -0.699359, 0.614132, 0.002877, 0.531378, -0.384842, -0.754674, 0.056352, 0.0, 0.0, 0.0, 1.0],
                [0.56369, 0.815932, 0.128475, 0.142898, 0.547737, -0.485674, 0.681251, 0.008584, 0.618252, -0.313645, -0.720687, 0.065149, 0.0, 0.0, 0.0, 1.0],
                [0.533307, 0.820866, 0.20436, 0.142898, 0.588696, -0.533631, 0.607186, 0.008584, 0.607472, -0.203511, -0.767829, 0.065149, 0.0, 0.0, 0.0, 1.0],
                [0.536809, 0.818637, 0.204131, 0.142897, 0.58381, -0.535084, 0.610614, 0.008584, 0.609099, -0.208609, -0.765166, 0.065149, 0.0, 0.0, 0.0, 1.0]
            ]
        },
        {
            "name": "Leg_R",
            "time": [0.0, 0.05, 0.1, 0.15, 0.3, 0.5],
            "transform": [
                [0.999848, -0.008216, -0.015396, 0.0, 0.017451, 0.470494, 0.88223, 0.37472, -4e-06, -0.882366, 0.470565, -0.0, 0.0, 0.0, 0.0, 1.0],
                [0.999838, -0.004072, -0.017559, 0.0, 0.017451, 0.462577, 0.886406, 0.37472, 0.004513, -0.88657, 0.462573, -0.0, 0.0, 0.0, 0.0, 1.0],
                [0.999802, 0.001057, -0.019848, -0.0, 0.017451, 0.431325, 0.902027, 0.37472, 0.009514, -0.902196, 0.431221, -0.0, 0.0, 0.0, 0.0, 1.0],
                [0.999497, 0.001489, -0.031695, -0.0, 0.028461, 0.399517, 0.916284, 0.37472, 0.014027, -0.916724, 0.399273, 0.0, 0.0, 0.0, 0.0, 1.0],
                [0.998803, 0.029311, -0.039164, -0.0, 0.024787, 0.386968, 0.92176, 0.37472, 0.042173, -0.921627, 0.385778, -0.0, 0.0, 0.0, 0.0, 1.0],
                [0.998942, 0.026029, -0.037932, -0.0, 0.026615, 0.345558, 0.93802, 0.37472, 0.037524, -0.938036, 0.344499, -0.0, 0.0, 0.0, 0.0, 1.0]
            ]
        },
        {
            "name": "Knee_R",
            "time": [0.0, 0.5],
            "transform": [
                [1.0, 0.0, -1e-06, 0.0, -1e-06, 0.0, -1.0, 0.37472, -0.0, 1.0, 0.0, -0.0, 0.0, 0.0, 0.0, 1.0],
                [1.0, 0.0, -1e-06, -0.0, -1e-06, 0.0, -1.0, 0.37472, -0.0, 1.0, 0.0, -0.0, 0.0, 0.0, 0.0, 1.0]
            ]
        },
        {
            "name": "Thigh_L",
            "time": [0.0, 0.05, 0.1, 0.15, 0.3, 0.5],
            "transform": [
                [0.917572, -0.210721, 0.337132, -0.125006, -0.306422, -0.915131, 0.261996, -0.002831, 0.253312, -0.343705, -0.904268, -1.2e-05, 0.0, 0.0, 0.0, 1.0],
                [0.937133, 0.025082, 0.34807, -0.125006, -0.154635, -0.8643, 0.478617, -0.002831, 0.312842, -0.502351, -0.806086, -1.2e-05, 0.0, 0.0, 0.0, 1.0],
                [0.768282, -0.356345, 0.531751, -0.124728, -0.457471, -0.886716, 0.066743, -0.008538, 0.447728, -0.294539, -0.844266, -0.000156, 0.0, 0.0, 0.0, 1.0],
                [0.722796, -0.202664, 0.660674, -0.124449, -0.554662, -0.740389, 0.379699, -0.014245, 0.412205, -0.640897, -0.647561, -0.0003, 0.0, 0.0, 0.0, 1.0],
                [0.722105, -0.157459, 0.673624, -0.124449, -0.558196, -0.707812, 0.432919, -0.014245, 0.408632, -0.688627, -0.599008, -0.0003, 0.0, 0.0, 0.0, 1.0],
                [0.722105, -0.157459, 0.673624, -0.124449, -0.558196, -0.707812, 0.432919, -0.014245, 0.408632, -0.688627, -0.599008, -0.0003, 0.0, 0.0, 0.0, 1.0]
            ]
        },
        {
            "name": "Leg_L",
            "time": [0.0, 0.05, 0.1, 0.15, 0.3, 0.5],
            "transform": [
                [0.999504, 0.004518, 0.031155, -0.0, -0.019844, 0.858683, 0.512124, 0.37472, -0.024439, -0.512488, 0.858346, 0.0, 0.0, 0.0, 0.0, 1.0],
                [0.997744, 0.06386, 0.020713, 0.0, -0.064266, 0.819267, 0.5698, 0.37472, 0.019418, -0.569845, 0.821523, 0.0, 0.0, 0.0, 0.0, 1.0],
                [0.99205, 0.123218, 0.025584, 0.0, -0.120355, 0.869556, 0.478943, 0.37472, 0.036768, -0.478214, 0.877474, 0.0, 0.0, 0.0, 0.0, 1.0],
                [0.95888, 0.265871, 0.099312, -0.0, -0.255739, 0.657658, 0.708579, 0.37472, 0.123077, -0.704839, 0.698609, -0.0, 0.0, 0.0, 0.0, 1.0],
                [0.961148, 0.262708, 0.084735, -0.0, -0.252639, 0.713531, 0.653489, 0.37472, 0.111216, -0.649506, 0.752179, -0.0, 0.0, 0.0, 0.0, 1.0],
                [0.961148, 0.262708, 0.084735, 0.0, -0.252639, 0.713531, 0.653489, 0.37472, 0.111216, -0.649506, 0.752179, 0.0, 0.0, 0.0, 0.0, 1.0]
            ]
        },
        {
            "name": "Knee_L",
            "time": [0.0, 0.5],
            "transform": [
                [1.0, -0.0, 0.0, -0.0, 0.0, 0.0, -1.0, 0.37472, 0.0, 1.0, 0.0, 0.0, 0.0, 0.0, 0.0, 1.0],
                [1.0, -0.0, 0.0, 0.0, 0.0, 0.0, -1.0, 0.37472, 0.0, 1.0, 0.0, 0.0, 0.0, 0.0, 0.0, 1.0]
            ]
        },
        {
            "name": "Torso",
            "time": [0.0, 0.05, 0.1, 0.15, 0.3, 0.5],
            "transform": [
                [0.999988, -0.004974, 0.000289, -0.0, 0.004983, 0.998307, -0.057949, 0.05, 0.0, 0.057949, 0.99832, 0.0, 0.0, 0.0, 0.0, 1.0],
                [0.99978, -0.020968, -0.000395, -0.0, 0.020972, 0.999603, 0.018823, 0.05, 0.0, -0.018827, 0.999823, 0.0, 0.0, 0.0, 0.0, 1.0],
                [0.999994, -0.003415, 0.000221, -0.0, 0.003422, 0.997913, -0.064485, 0.05, -0.0, 0.064486, 0.997919, 0.0, 0.0, 0.0, 0.0, 1.0],
                [0.999919, 0.012548, -0.001866, 0.0, -0.012686, 0.989044, -0.147074, 0.05, -0.0, 0.147086, 0.989124, -0.0, 0.0, 0.0, 0.0, 1.0],
                [0.994277, 0.104237, -0.023406, 0.0, -0.106833, 0.970122, -0.217832, 0.05, 0.0, 0.219085, 0.975706, 0.0, 0.0, 0.0, 0.0, 1.0],
                [0.994277, 0.104237, -0.023405, 0.0, -0.106833, 0.970122, -0.217832, 0.05, -0.0, 0.219085, 0.975706, -0.0, 0.0, 0.0, 0.0, 1.0]
            ]
        },
        {
            "name": "Chest",
            "time": [0.0, 0.05, 0.1, 0.15, 0.3, 0.5],
            "transform": [
                [0.824625, -0.071026, -0.561203, 0.0, 0.121386, 0.991194, 0.052918, 0.3, 0.552502, -0.111759, 0.825985, 0.0, 0.0, 0.0, 0.0, 1.0],
                [0.945854, -0.063652, -0.318292, 0.0, 0.038891, 0.995744, -0.083556, 0.3, 0.322255, 0.066653, 0.944303, 0.0, 0.0, 0.0, 0.0, 1.0],
                [0.999659, -0.022603, 0.013109, -0.0, 0.021943, 0.998583, 0.048484, 0.3, -0.014186, -0.048179, 0.998738, 0.0, 0.0, 0.0, 0.0, 1.0],
                [0.938086, -0.0221, 0.345697, 0.0, -0.038165, 0.985294, 0.166552, 0.3, -0.344294, -0.169434, 0.923447, -0.0, 0.0, 0.0, 0.0, 1.0],
                [0.920715, -0.066426, 0.38454, 0.0, -0.102561, 0.909575, 0.402684, 0.3, -0.376517, -0.410196, 0.830647, -0.0, 0.0, 0.0, 0.0, 1.0],
                [0.920715, -0.066426, 0.38454, -0.0, -0.102561, 0.909575, 0.402684, 0.3, -0.376517, -0.410196, 0.830647, 0.0, 0.0, 0.0, 0.0, 1.0]
            ]
        },
        {
            "name": "Head",