{"animation": [{"name": "Root", "time": [0.0, 0.1333, 0.2167, 0.3, 0.3333, 0.3667, 0.4667, 0.6167], "transform": [[0.73375, 0.0, 0.679419, -5e-06, 0.656269, 0.258819, -0.708748, 0.000946, -0.175847, 0.965926, 0.189909, 0.535798, 0.0, 0.0, 0.0, 1.0], [0.612249, 0.0, 0.790665, -5e-06, 0.778653, 0.173648, -0.602947, 0.540295, -0.137298, 0.984808, 0.106316, 0.518277, 0.0, 0.0, 0.0, 1.0], [0.889035, 0.0, 0.457839, -5e-06, 0.442238, 0.258819, -0.858742, 0.840295, -0.118497, 0.965926, 0.230099, 0.544986, 0.0, 0.0, 0.0, 1.0], [0.989322, 0.078014, 0.123106, -5e-06, 0.099235, 0.258057, -0.96102, 1.218477, -0.106741, 0.962975, 0.24756, 0.504478, 0.0, 0.0, 0.0, 1.0], [0.986209, 0.054646, -0.156223, -5e-06, -0.164907, 0.244291, -0.955577, 1.550946, -0.014055, 0.968161, 0.249934, 0.549055, 0.0, 0.0, 0.0, 1.0], [0.766738, 0.032053, -0.641159, -5e-06, -0.627908, 0.245273, -0.738629, 2.059786, 0.133584, 0.968924, 0.208187, 0.48029, 0.0, 0.0, 0.0, 1.0], [0.634856, 0.0, -0.772631, -5e-06, -0.746304, 0.258819, -0.613223, 2.150947, 0.199972, 0.965926, 0.164313, 0.511563, 0.0, 0.0, 0.0, 1.0], [0.413298, 0.0, -0.910596, -5e-06, -0.896762, 0.173648, -0.407019, 2.150947, 0.158123, 0.984808, 0.071769, 0.511563, 0.0, 0.0, 0.0, 1.0]]}, {"name": "Thigh_R", "time": [0.0, 0.1333, 0.2167, 0.3, 0.3333, 0.3667, 0.4667, 0.6167], "transform": [[0.994584, 0.103144, -0.012832, 0.124994, 0.085589, -0.742679, 0.664155, -0.002831, 0.058974, -0.661655, -0.747485, -1.2e-05, 0.0, 0.0, 0.0, 1.0], [0.980743, -0.128714, 0.146889, 0.124994, -0.195085, -0.610009, 0.768005, -0.00283, -0.00925, -0.781871, -0.623372, -1.2e-05, 0.0, 0.0, 0.0, 1.0], [0.999654, 0.003163, -0.026133, 0.124994, 0.025921, -0.291195, 0.956313, -0.002831, -0.004585, -0.956659, -0.291176, -1.2e-05, 0.0, 0.0, 0.0, 1.0], [0.993795, 0.005541, -0.111089, 0.124994, 0.108475, -0.269084, 0.956989, -0.002831, -0.024589, -0.963101, -0.268016, -1.2e-05, 0.0, 0.0, 0.0, 1.0], [0.991841, -0.021372, -0.125674, 0.124994, 0.07817, -0.676789, 0.732001, -0.00283, -0.100703, -0.735852, -0.669596, -1.2e-05, 0.0, 0.0, 0.0, 1.0], [0.882164, 0.451891, -0.1326, 0.124994, 0.468863, -0.816295, 0.33739, -0.00283, 0.044223, -0.359804, -0.93198, -1.2e-05, 0.0, 0.0, 0.0, 1.0], [0.874244, 0.476421, -0.093397, 0.124994, 0.465258, -0.767207, 0.441509, -0.00283, 0.138689, -0.42944, -0.892384, -1.2e-05, 0.0, 0.0, 0.0, 1.0], [0.874381, 0.393588, -0.283808, 0.124994, 0.484838, -0.684808, 0.544033, -0.002831, 0.019771, -0.613293, -0.789608, -1.2e-05, 0.0, 0.0, 0.0, 1.0]]}, {"name": "Leg_R", "time": [0.0, 0.1333, 0.2167, 0.3, 0.3333, 0.3667, 0.4667, 0.6167], "transform": [[0.999962, 0.004034, -0.007756, 0.0, 0.008723, -0.40094, 0.916063, 0.37472, 0.000586, -0.916095, -0.40096, 0.0, 0.0, 0.0, 0.0, 1.0], [0.998405, 0.053374, -0.018409, 0.0, 0.030966, -0.245026, 0.969021, 0.37472, 0.04721, -0.968046, -0.246287, -0.0, 0.0, 0.0, 0.0, 1.0], [0.984771, 0.152629, -0.083253, 0.0, 0.008591, 0.435555, 0.900121, 0.37472, 0.173646, -0.887128, 0.42761, -0.0, 0.0, 0.0, 0.0, 1.0], [0.999345, -0.01198, -0.034161, 0.0, 0.034746, 0.052599, 0.998011, 0.37472, -0.01016, -0.998542, 0.052981, 0.0, 0.0, 0.0, 0.0, 1.0], [0.999483, 0.024686, -0.02065, -0.0, 0.016641, 0.15279, 0.988119, 0.37472, 0.027548, -0.98795, 0.1523, -0.0, 0.0, 0.0, 0.0, 1.0], [0.99693, 0.042773, -0.065603, 0.0, 0.027351, 0.594779, 0.803423, 0.37472, 0.073385, -0.802749, 0.591783, 0.0, 0.0, 0.0, 0.0, 1.0], [0.999688, -0.017845, -0.017599, 0.0, 0.025048, 0.735608, 0.676944, 0.37472, 0.000866, -0.677173, 0.735823, 0.0, 0.0, 0.0, 0.0, 1.0], [0.997433, -0.06698, -0.025403, 0.0, 0.062929, 0.649836, 0.757465, 0.37472, -0.034227, -0.757118, 0.652381, -0.0, 0.0, 0.0, 0.0, 1.0]]}, {"name": "Knee_R", "time": [0.0, 0.6167], "transform": [[0.999988, -7.5e-05, -0.004972, 0.0, -0.002658, 0.836945, -0.547282, 0.37472, 0.004202, 0.547288, 0.836933, 0.0, 0.0, 0.0, 0.0, 1.0], [0.999327, -0.036286, -0.005388, 0.0, 0.010235, 0.416853, -0.908916, 0.37472, 0.035227, 0.908249, 0.416944, -0.0, 0.0, 0.0, 0.0, 1.0]]}, {"name": "Thigh_L", "time": [0.0, 0.1333, 0.2167, 0.3, 0.3333, 0.3667, 0.4667, 0.6167], "transform": [[0.993982, -0.014636, -0.108556, -0.125006, 0.090853, -0.443464, 0.891674, -0.002831, -0.061191, -0.896171, -0.439465, -1.2e-05, 0.0, 0.0, 0.0, 1.0], [0.88933, -0.424407, 0.17005, -0.125006, -0.454287, -0.778035, 0.433864, -0.00283, -0.051799, -0.463099, -0.884759, -1.2e-05, 0.0, 0.0, 0.0, 1.0], [0.802467, -0.539815, -0.254261, -0.125006, -0.478727, -0.836799, 0.265688, -0.00283, -0.356188, -0.091484, -0.929927, -1.2e-05, 0.0, 0.0, 0.0, 1.0], [0.966896, -0.225294, -0.119812, -0.125006, -0.115823, -0.805871, 0.580653, -0.00283, -0.22737, -0.547554, -0.805288, -1.2e-05, 0.0, 0.0, 0.0, 1.0], [0.982699, -0.129783, -0.132134, -0.125006, -0.025912, -0.802746, 0.595758, -0.00283, -0.183389, -0.582027, -0.792221, -1.2e-05, 0.0, 0.0, 0.0, 1.0], [0.82945, -0.469582, 0.302501, -0.125006, -0.44556, -0.22959, 0.865313, -0.00283, -0.336884, -0.852515, -0.39966, -1.2e-05, 0.0, 0.0, 0.0, 1.0], [0.774864, -0.561952, 0.289477, -0.125006, -0.563381, -0.406238, 0.719426, -0.00283, -0.286686, -0.720543, -0.631372, -1.2e-05, 0.0, 0.0, 0.0, 1.0], [0.807158, -0.558466, 0.191344, -0.125006, -0.551524, -0.597793, 0.581779, -0.002831, -0.21052, -0.575118, -0.79052, -1.2e-05, 0.0, 0.0, 0.0, 1.0]]}, {"name": "Leg_L", "time": [0.0, 0.1333, 0.2167, 0.3, 0.3333, 0.3667, 0.4667, 0.6167], "transform": [[0.998833, 0.019005, 0.044397, -0.0, -0.047955, 0.281582, 0.958339, 0.37472, 0.005712, -0.959348, 0.282165, 0.0, 0.0, 0.0, 0.0, 1.0], [0.99978, -0.002578, 0.020802, 0.0, -0.015839, 0.557097, 0.830297, 0.37472, -0.013729, -0.830444, 0.556934, -0.0, 0.0, 0.0, 0.0, 1.0], [0.989214, -0.092216, 0.113806, 0.0, -0.042789, 0.561136, 0.826616, 0.37472, -0.140088, -0.822569, 0.551139, -0.0, 0.0, 0.0, 0.0, 1.0], [0.99537, -0.07574, 0.059166, 0.0, -0.055442, 0.050362, 0.99719, 0.37472, -0.078507, -0.995854, 0.04593, 0.0, 0.0, 0.0, 0.0, 1.0], [0.999111, -0.041327, -0.008225, -0.0, 0.008718, 0.011758, 0.999893, 0.37472, -0.041225, -0.999077, 0.012108, 0.0, 0.0, 0.0, 0.0, 1.0], [0.984449, -0.160809, 0.070694, -0.0, -0.026516, 0.261795, 0.964758, 0.37472, -0.173649, -0.951632, 0.253459, 0.0, 0.0, 0.0, 0.0, 1.0], [0.994243, -0.101795, 0.033438, -0.0, -0.004793, 0.269511, 0.962985, 0.37472, -0.10704, -0.957601, 0.267472, 0.0, 0.0, 0.0, 0.0, 1.0], [0.98799, -0.138815, 0.067838, 0.0, -0.039425, 0.198031, 0.979402, 0.37472, -0.14939, -0.970315, 0.19018, -0.0, 0.0, 0.0, 0.0, 1.0]]}, {"name": "Knee_L", "time": [0.0, 0.6167], "transform": [[0.999676, 0.016896, 0.019039, -0.0, 0.005123, 0.599117, -0.800645, 0.37472, -0.024934, 0.800483, 0.598837, 0.0, 0.0, 0.0, 0.0, 1.0], [0.996609, -0.057402, 0.058945, 0.0, 0.081972, 0.63113, -0.771333, 0.37472, 0.007074, 0.77355, 0.633696, -0.0, 0.0, 0.0, 0.0, 1.0]]}, {"name": "Torso", "time": [0.0, 0.1333, 0.2167, 0.3, 0.3333, 0.3667, 0.4667, 0.6167], "transform": [[0.996564, 0.078055, 0.027702, 0.0, -0.081282, 0.985937, 0.146021, 0.05, -0.015915, -0.147771, 0.988894, -0.0, 0.0, 0.0, 0.0, 1.0], [0.976568, 0.189675, 0.101684, 0.0, -0.202935, 0.968888, 0.141678, 0.05, -0.071648, -0.158994, 0.984676, -0.0, 0.0, 0.0, 0.0, 1.0], [0.938306, 0.182775, 0.293556, 0.0, -0.23773, 0.957429, 0.16375, 0.05, -0.25113, -0.223435, 0.941812, -0.0, 0.0, 0.0, 0.0, 1.0], [0.991979, -0.014838, 0.125527, -0.0, -0.030169, 0.936592, 0.349121, 0.05, -0.122748, -0.350108, 0.928632, -0.0, 0.0, 0.0, 0.0, 1.0], [0.991629, -0.127019, 0.023198, -0.0, 0.098762, 0.861874, 0.497414, 0.05, -0.083175, -0.490959, 0.867203, 0.0, 0.0, 0.0, 0.0, 1.0], [0.95081, -0.281486, -0.12933, -0.0, 0.299832, 0.941177, 0.155844, 0.05, 0.077854, -0.186955, 0.979279, 0.0, 0.0, 0.0, 0.0, 1.0], [0.970128, -0.204125, -0.131093, 0.0, 0.200423, 0.978852, -0.040979, 0.05, 0.136685, 0.013481, 0.990523, 0.0, 0.0, 0.0, 0.0, 1.0], [0.979302, -0.195227, 0.053432, -0.0, 0.195998, 0.980558, -0.009537, 0.05, -0.050532, 0.019812, 0.998526, 0.0, 0.0, 0.0, 0.0, 1.0]]}, {"name": "Chest",